region_number,region_name,geo_order,local_authority_name,local_authority_type,constituency_number,constituency_name,official_source_name,name_normalized,source,source_url
1,Barima-Waini,1.01,PORT KAITUMA MATTHEWS RIDGE/ARAKAKA,NDC,1,CANAL BANK - CITRUS GROVE,CANAL BANK-CITRUS GROVE,True,GECOM Register of Voters for LGE 2023,https://gecom.org.gy/public/assets/docs/lists/2023%20-%20Register%20of%20Voters%20for%20LGE%202023/D01/1.01-PORT%20KAITUMA%20MATTHEWS%20RIDGE:ARAKAKA.pdf
1,Barima-Waini,1.01,PORT KAITUMA MATTHEWS RIDGE/ARAKAKA,NDC,2,COMPOUND - ORONOQUE - MCDOOM,COMPOUND-ORONOQUE-MC DOOM,True,GECOM Register of Voters for LGE 2023,https://gecom.org.gy/public/assets/docs/lists/2023%20-%20Register%20of%20Voters%20for%20LGE%202023/D01/1.01-PORT%20KAITUMA%20MATTHEWS%20RIDGE:ARAKAKA.pdf
1,Barima-Waini,1.01,PORT KAITUMA MATTHEWS RIDGE/ARAKAKA,NDC,3,FITZBURG - FOUR MILES,FITZBURG-FOUR MILES,True,GECOM Register of Voters for LGE 2023,https://gecom.org.gy/public/assets/docs/lists/2023%20-%20Register%20of%20Voters%20for%20LGE%202023/D01/1.01-PORT%20KAITUMA%20MATTHEWS%20RIDGE:ARAKAKA.pdf
1,Barima-Waini,1.01,PORT KAITUMA MATTHEWS RIDGE/ARAKAKA,NDC,4,ARAKAKA,ARAKAKA,False,GECOM Register of Voters for LGE 2023,https://gecom.org.gy/public/assets/docs/lists/2023%20-%20Register%20of%20Voters%20for%20LGE%202023/D01/1.01-PORT%20KAITUMA%20MATTHEWS%20RIDGE:ARAKAKA.pdf
1,Barima-Waini,1.01,PORT KAITUMA MATTHEWS RIDGE/ARAKAKA,NDC,5,HEAVEN HILL - PAKERA,HEA VEN HILL-PAKERA,True,GECOM Register of Voters for LGE 2023,https://gecom.org.gy/public/assets/docs/lists/2023%20-%20Register%20of%20Voters%20for%20LGE%202023/D01/1.01-PORT%20KAITUMA%20MATTHEWS%20RIDGE:ARAKAKA.pdf
1,Barima-Waini,1.01,PORT KAITUMA MATTHEWS RIDGE/ARAKAKA,NDC,6,GARRISON HILL - HELL HILL,GARRISON HILL -HELL HILL,True,GECOM Register of Voters for LGE 2023,https://gecom.org.gy/public/assets/docs/lists/2023%20-%20Register%20of%20Voters%20for%20LGE%202023/D01/1.01-PORT%20KAITUMA%20MATTHEWS%20RIDGE:ARAKAKA.pdf
1,Barima-Waini,1.02,MUNICIPALITY OF MABARUMA,MUNICIPALITY,1,THOMAS HILL - SMITH CREEK,THOMAS HILL-SMITH CREEK,True,GECOM Register of Voters for LGE 2023,https://gecom.org.gy/public/assets/docs/lists/2023%20-%20Register%20of%20Voters%20for%20LGE%202023/D01/1.02-MUNICIPALITY%20OF%20MABARUMA.pdf
1,Barima-Waini,1.02,MUNICIPALITY OF MABARUMA,MUNICIPALITY,2,MABARUMA SETTLEMENT/BARIMANOBO,MABARUMA SETTLEMENT/BARIMANOBO,False,GECOM Register of Voters for LGE 2023,https://gecom.org.gy/public/assets/docs/lists/2023%20-%20Register%20of%20Voters%20for%20LGE%202023/D01/1.02-MUNICIPALITY%20OF%20MABARUMA.pdf
1,Barima-Waini,1.02,MUNICIPALITY OF MABARUMA,MUNICIPALITY,3,MABARUMA TOWNSHIP - MABARUMA COMPOUND - BROOMES ESTATE,MABARUMA TOWNSHIP -MABARUMA COMPOUND-BROOMES ESTATE,True,GECOM Register of Voters for LGE 2023,https://gecom.org.gy/public/assets/docs/lists/2023%20-%20Register%20of%20Voters%20for%20LGE%202023/D01/1.02-MUNICIPALITY%20OF%20MABARUMA.pdf
1,Barima-Waini,1.02,MUNICIPALITY OF MABARUMA,MUNICIPALITY,4,BARABINA - KOBERIMO HILL,BARABINA-KOBERIMO HILL,True,GECOM Register of Voters for LGE 2023,https://gecom.org.gy/public/assets/docs/lists/2023%20-%20Register%20of%20Voters%20for%20LGE%202023/D01/1.02-MUNICIPALITY%20OF%20MABARUMA.pdf
1,Barima-Waini,1.02,MUNICIPALITY OF MABARUMA,MUNICIPALITY,5,KUMAKA,KUMAKA,False,GECOM Register of Voters for LGE 2023,https://gecom.org.gy/public/assets/docs/lists/2023%20-%20Register%20of%20Voters%20for%20LGE%202023/D01/1.02-MUNICIPALITY%20OF%20MABARUMA.pdf
1,Barima-Waini,1.02,MUNICIPALITY OF MABARUMA,MUNICIPALITY,6,HOSORORO HILL,HOSORORO HILL,False,GECOM Register of Voters for LGE 2023,https://gecom.org.gy/public/assets/docs/lists/2023%20-%20Register%20of%20Voters%20for%20LGE%202023/D01/1.02-MUNICIPALITY%20OF%20MABARUMA.pdf
1,Barima-Waini,1.02,MUNICIPALITY OF MABARUMA,MUNICIPALITY,7,WAUNA,WAUNA,False,GECOM Register of Voters for LGE 2023,https://gecom.org.gy/public/assets/docs/lists/2023%20-%20Register%20of%20Voters%20for%20LGE%202023/D01/1.02-MUNICIPALITY%20OF%20MABARUMA.pdf
2,Pomeroon-Supenaam,2.01,MORUKA/PROVIDENCE,NDC,1,MORUKA - ABERDEEN,MORUKA-ABERDEEN,True,GECOM Register of Voters for LGE 2023,https://gecom.org.gy/public/assets/docs/lists/2023%20-%20Register%20of%20Voters%20for%20LGE%202023/D02/2.01-MORUKA:PROVIDENCE.pdf
2,Pomeroon-Supenaam,2.01,MORUKA/PROVIDENCE,NDC,2,HEATHFIELD – GRANT ST. VINCENT,HEATHFIELD – GRANT ST. VINCENT,False,GECOM Register of Voters for LGE 2023,https://gecom.org.gy/public/assets/docs/lists/2023%20-%20Register%20of%20Voters%20for%20LGE%202023/D02/2.01-MORUKA:PROVIDENCE.pdf
2,Pomeroon-Supenaam,2.01,MORUKA/PROVIDENCE,NDC,3,FRIENDSHIP BACKLANDS – PROVIDENCE,FRIENDSHIP BACKLANDS – PROVIDENCE,False,GECOM Register of Voters for LGE 2023,https://gecom.org.gy/public/assets/docs/lists/2023%20-%20Register%20of%20Voters%20for%20LGE%202023/D02/2.01-MORUKA:PROVIDENCE.pdf
2,Pomeroon-Supenaam,2.02,THE NILE/COZIER,NDC,1,NILE – BELLE VIEW,NILE – BELLE VIEW,False,GECOM Register of Voters for LGE 2023,https://gecom.org.gy/public/assets/docs/lists/2023%20-%20Register%20of%20Voters%20for%20LGE%202023/D02/2.02-THE%20NILE%20-%20COZIER.pdf
2,Pomeroon-Supenaam,2.02,THE NILE/COZIER,NDC,2,DUBLIN – TENEZE FARM,DUBLIN – TENEZE FARM,False,GECOM Register of Voters for LGE 2023,https://gecom.org.gy/public/assets/docs/lists/2023%20-%20Register%20of%20Voters%20for%20LGE%202023/D02/2.02-THE%20NILE%20-%20COZIER.pdf
2,Pomeroon-Supenaam,2.02,THE NILE/COZIER,NDC,3,MARIA’S PLEASURE - MARTINDALE,MARIA’S PLEASURE - MARTINDALE,False,GECOM Register of Voters for LGE 2023,https://gecom.org.gy/public/assets/docs/lists/2023%20-%20Register%20of%20Voters%20for%20LGE%202023/D02/2.02-THE%20NILE%20-%20COZIER.pdf
2,Pomeroon-Supenaam,2.03,CHARITY/URASARA,NDC,1,JACKLOW,JACKLOW,False,GECOM Register of Voters for LGE 2023,https://gecom.org.gy/public/assets/docs/lists/2023%20-%20Register%20of%20Voters%20for%20LGE%202023/D02/2.03-CHARITY:URASARA.pdf
2,Pomeroon-Supenaam,2.03,CHARITY/URASARA,NDC,2,JACKLOW - SIRIKI - ABRAM’S CREEK,JACKLOW-SIRIKI-ABRAM’S CREEK,True,GECOM Register of Voters for LGE 2023,https://gecom.org.gy/public/assets/docs/lists/2023%20-%20Register%20of%20Voters%20for%20LGE%202023/D02/2.03-CHARITY:URASARA.pdf
2,Pomeroon-Supenaam,2.03,CHARITY/URASARA,NDC,3,ABRAM’S CREEK –PICKER’S GILL,ABRAM’S CREEK –PICKER’S GILL,False,GECOM Register of Voters for LGE 2023,https://gecom.org.gy/public/assets/docs/lists/2023%20-%20Register%20of%20Voters%20for%20LGE%202023/D02/2.03-CHARITY:URASARA.pdf
2,Pomeroon-Supenaam,2.03,CHARITY/URASARA,NDC,4,SOMERSET AND BERKS – NEW ROAD NORTH,SOMERSET AND BERKS – NEW ROAD NORTH,False,GECOM Register of Voters for LGE 2023,https://gecom.org.gy/public/assets/docs/lists/2023%20-%20Register%20of%20Voters%20for%20LGE%202023/D02/2.03-CHARITY:URASARA.pdf
2,Pomeroon-Supenaam,2.03,CHARITY/URASARA,NDC,5,CHARITY (EAST),CHARITY (EAST),False,GECOM Register of Voters for LGE 2023,https://gecom.org.gy/public/assets/docs/lists/2023%20-%20Register%20of%20Voters%20for%20LGE%202023/D02/2.03-CHARITY:URASARA.pdf
2,Pomeroon-Supenaam,2.03,CHARITY/URASARA,NDC,6,CHARITY (WEST),CHARITY (WEST),False,GECOM Register of Voters for LGE 2023,https://gecom.org.gy/public/assets/docs/lists/2023%20-%20Register%20of%20Voters%20for%20LGE%202023/D02/2.03-CHARITY:URASARA.pdf
2,Pomeroon-Supenaam,2.03,CHARITY/URASARA,NDC,7,SOMERSET AND BERKS - (NEW ROAD SOUTH),SOMERSET AND BERKS-(NEW ROAD SOUTH),True,GECOM Register of Voters for LGE 2023,https://gecom.org.gy/public/assets/docs/lists/2023%20-%20Register%20of%20Voters%20for%20LGE%202023/D02/2.03-CHARITY:URASARA.pdf
2,Pomeroon-Supenaam,2.03,CHARITY/URASARA,NDC,8,AMAZON - DREDGE CREEK,AMAZON-DREDGE CREEK,True,GECOM Register of Voters for LGE 2023,https://gecom.org.gy/public/assets/docs/lists/2023%20-%20Register%20of%20Voters%20for%20LGE%202023/D02/2.03-CHARITY:URASARA.pdf
2,Pomeroon-Supenaam,2.03,CHARITY/URASARA,NDC,9,TRYBEST - BUXTON – ST. JOSEPH – SOMERSET AND BERKS,TRYBEST-BUXTON – ST. JOSEPH – SOMERSET AND BERKS,True,GECOM Register of Voters for LGE 2023,https://gecom.org.gy/public/assets/docs/lists/2023%20-%20Register%20of%20Voters%20for%20LGE%202023/D02/2.03-CHARITY:URASARA.pdf
2,Pomeroon-Supenaam,2.04,EVERGREEN/PARADISE,NDC,1,EVERGREEN/LA RESOURCE,EVERGREEN/LA RESOURCE,False,GECOM Register of Voters for LGE 2023,https://gecom.org.gy/public/assets/docs/lists/2023%20-%20Register%20of%20Voters%20for%20LGE%202023/D02/2.04-EVERGREEN:PARADISE.pdf
2,Pomeroon-Supenaam,2.04,EVERGREEN/PARADISE,NDC,2,BETTER HOPE - ANDREWS,BETTER HOPE - ANDREWS,False,GECOM Register of Voters for LGE 2023,https://gecom.org.gy/public/assets/docs/lists/2023%20-%20Register%20of%20Voters%20for%20LGE%202023/D02/2.04-EVERGREEN:PARADISE.pdf
2,Pomeroon-Supenaam,2.04,EVERGREEN/PARADISE,NDC,3,BETTER SUCCESS,BETTER SUCCESS,False,GECOM Register of Voters for LGE 2023,https://gecom.org.gy/public/assets/docs/lists/2023%20-%20Register%20of%20Voters%20for%20LGE%202023/D02/2.04-EVERGREEN:PARADISE.pdf
2,Pomeroon-Supenaam,2.04,EVERGREEN/PARADISE,NDC,4,PHILLIPS - BOUNTY HALL,PHILLIPS - BOUNTY HALL,False,GECOM Register of Voters for LGE 2023,https://gecom.org.gy/public/assets/docs/lists/2023%20-%20Register%20of%20Voters%20for%20LGE%202023/D02/2.04-EVERGREEN:PARADISE.pdf
2,Pomeroon-Supenaam,2.04,EVERGREEN/PARADISE,NDC,5,WESTBURY,WESTBURY,False,GECOM Register of Voters for LGE 2023,https://gecom.org.gy/public/assets/docs/lists/2023%20-%20Register%20of%20Voters%20for%20LGE%202023/D02/2.04-EVERGREEN:PARADISE.pdf
2,Pomeroon-Supenaam,2.04,EVERGREEN/PARADISE,NDC,6,DARTMOUTH (EAST OF PUBLIC ROAD),DARTMOUTH (EAST OF PUBLIC ROAD),False,GECOM Register of Voters for LGE 2023,https://gecom.org.gy/public/assets/docs/lists/2023%20-%20Register%20of%20Voters%20for%20LGE%202023/D02/2.04-EVERGREEN:PARADISE.pdf
2,Pomeroon-Supenaam,2.04,EVERGREEN/PARADISE,NDC,7,DARTMOUTH (NORTH WEST & SOUTH WEST),DARTMOUTH (NORTH WEST & SOUTH WEST),False,GECOM Register of Voters for LGE 2023,https://gecom.org.gy/public/assets/docs/lists/2023%20-%20Register%20of%20Voters%20for%20LGE%202023/D02/2.04-EVERGREEN:PARADISE.pdf
2,Pomeroon-Supenaam,2.04,EVERGREEN/PARADISE,NDC,8,DUNKELD - EXMOUTH,DUNKELD - EXMOUTH,False,GECOM Register of Voters for LGE 2023,https://gecom.org.gy/public/assets/docs/lists/2023%20-%20Register%20of%20Voters%20for%20LGE%202023/D02/2.04-EVERGREEN:PARADISE.pdf
2,Pomeroon-Supenaam,2.04,EVERGREEN/PARADISE,NDC,9,JIB - PARADISE,JIB - PARADISE,False,GECOM Register of Voters for LGE 2023,https://gecom.org.gy/public/assets/docs/lists/2023%20-%20Register%20of%20Voters%20for%20LGE%202023/D02/2.04-EVERGREEN:PARADISE.pdf
2,Pomeroon-Supenaam,2.05,MUNICIPALITY OF ANNA REGINA,MUNICIPALITY,1,WALTON HALL - DEVONSHIRE CASTLE,WALTON HALL-DEVONSHIRE CASTLE,True,GECOM Register of Voters for LGE 2023,https://gecom.org.gy/public/assets/docs/lists/2023%20-%20Register%20of%20Voters%20for%20LGE%202023/D02/2.05-MUNICIPALITY%20OF%20ANNA%20REGINA.pdf
2,Pomeroon-Supenaam,2.05,MUNICIPALITY OF ANNA REGINA,MUNICIPALITY,2,HAMPTON COURT - WINDSOR CASTLE,HAMPTON COURT-WINDSOR CASTLE,True,GECOM Register of Voters for LGE 2023,https://gecom.org.gy/public/assets/docs/lists/2023%20-%20Register%20of%20Voters%20for%20LGE%202023/D02/2.05-MUNICIPALITY%20OF%20ANNA%20REGINA.pdf
2,Pomeroon-Supenaam,2.05,MUNICIPALITY OF ANNA REGINA,MUNICIPALITY,3,SPARTA FEARNOT - COFFEE GROVE,SPARTA FEARNOT- COFFEE GROVE,True,GECOM Register of Voters for LGE 2023,https://gecom.org.gy/public/assets/docs/lists/2023%20-%20Register%20of%20Voters%20for%20LGE%202023/D02/2.05-MUNICIPALITY%20OF%20ANNA%20REGINA.pdf
2,Pomeroon-Supenaam,2.05,MUNICIPALITY OF ANNA REGINA,MUNICIPALITY,4,LIMA,LIMA,False,GECOM Register of Voters for LGE 2023,https://gecom.org.gy/public/assets/docs/lists/2023%20-%20Register%20of%20Voters%20for%20LGE%202023/D02/2.05-MUNICIPALITY%20OF%20ANNA%20REGINA.pdf
2,Pomeroon-Supenaam,2.05,MUNICIPALITY OF ANNA REGINA,MUNICIPALITY,5,LA BELLE ALLIANCE - RICHMOND HOUSING SCHEME DIVISION/SUB DIVISION,LA BELLE ALLIANCE - RICHMOND HOUSING SCHEME DIVISION/SUB DIVISION,False,GECOM Register of Voters for LGE 2023,https://gecom.org.gy/public/assets/docs/lists/2023%20-%20Register%20of%20Voters%20for%20LGE%202023/D02/2.05-MUNICIPALITY%20OF%20ANNA%20REGINA.pdf
2,Pomeroon-Supenaam,2.05,MUNICIPALITY OF ANNA REGINA,MUNICIPALITY,6,HENRIETTA - ANNA REGINA DIVISION/SUB DIVISION,HENRIETTA - ANNA REGINA DIVISION/SUB DIVISION,False,GECOM Register of Voters for LGE 2023,https://gecom.org.gy/public/assets/docs/lists/2023%20-%20Register%20of%20Voters%20for%20LGE%202023/D02/2.05-MUNICIPALITY%20OF%20ANNA%20REGINA.pdf
2,Pomeroon-Supenaam,2.05,MUNICIPALITY OF ANNA REGINA,MUNICIPALITY,7,ANNA REGINA HOUSING SCHEME - COTTON FIELD DIVISION/SUB DIVISION,ANNA REGINA HOUSING SCHEME - COTTON FIELD DIVISION/SUB DIVISION,False,GECOM Register of Voters for LGE 2023,https://gecom.org.gy/public/assets/docs/lists/2023%20-%20Register%20of%20Voters%20for%20LGE%202023/D02/2.05-MUNICIPALITY%20OF%20ANNA%20REGINA.pdf
2,Pomeroon-Supenaam,2.05,MUNICIPALITY OF ANNA REGINA,MUNICIPALITY,8,BUSH LOT - THREE FRIENDS DIVISION/SUB DIVISION,BUSH LOT-THREE FRIENDS DIVISION/SUB DIVISION,True,GECOM Register of Voters for LGE 2023,https://gecom.org.gy/public/assets/docs/lists/2023%20-%20Register%20of%20Voters%20for%20LGE%202023/D02/2.05-MUNICIPALITY%20OF%20ANNA%20REGINA.pdf
2,Pomeroon-Supenaam,2.06,ABERDEEN/ZORG-EN-VLYGT,NDC,1,ABERDEEN/COLUMBIA,ABERDEEN/COLUMBIA,False,GECOM Register of Voters for LGE 2023,https://gecom.org.gy/public/assets/docs/lists/2023%20-%20Register%20of%20Voters%20for%20LGE%202023/D02/2.06-ABERDEEN:ZORG-EN-VLYGT.pdf
2,Pomeroon-Supenaam,2.06,ABERDEEN/ZORG-EN-VLYGT,NDC,2,SCHOOL STREET - AFFIANCE (NORTH),SCHOOL STREET -AFFIANCE (NORTH),True,GECOM Register of Voters for LGE 2023,https://gecom.org.gy/public/assets/docs/lists/2023%20-%20Register%20of%20Voters%20for%20LGE%202023/D02/2.06-ABERDEEN:ZORG-EN-VLYGT.pdf
2,Pomeroon-Supenaam,2.06,ABERDEEN/ZORG-EN-VLYGT,NDC,3,SCHOOL STREET - AFFIANCE (SOUTH),SCHOOL STREET-AFFIANCE (SOUTH),True,GECOM Register of Voters for LGE 2023,https://gecom.org.gy/public/assets/docs/lists/2023%20-%20Register%20of%20Voters%20for%20LGE%202023/D02/2.06-ABERDEEN:ZORG-EN-VLYGT.pdf
2,Pomeroon-Supenaam,2.06,ABERDEEN/ZORG-EN-VLYGT,NDC,4,TAYMOUTH MANOR,TAYMOUTH MANOR,False,GECOM Register of Voters for LGE 2023,https://gecom.org.gy/public/assets/docs/lists/2023%20-%20Register%20of%20Voters%20for%20LGE%202023/D02/2.06-ABERDEEN:ZORG-EN-VLYGT.pdf
2,Pomeroon-Supenaam,2.06,ABERDEEN/ZORG-EN-VLYGT,NDC,5,LITTLE ALLIANCE/WEST FIELD,LITTLE ALLIANCE/WEST FIELD,False,GECOM Register of Voters for LGE 2023,https://gecom.org.gy/public/assets/docs/lists/2023%20-%20Register%20of%20Voters%20for%20LGE%202023/D02/2.06-ABERDEEN:ZORG-EN-VLYGT.pdf
2,Pomeroon-Supenaam,2.06,ABERDEEN/ZORG-EN-VLYGT,NDC,6,MOCHA,MOCHA,False,GECOM Register of Voters for LGE 2023,https://gecom.org.gy/public/assets/docs/lists/2023%20-%20Register%20of%20Voters%20for%20LGE%202023/D02/2.06-ABERDEEN:ZORG-EN-VLYGT.pdf
2,Pomeroon-Supenaam,2.06,ABERDEEN/ZORG-EN-VLYGT,NDC,7,DAGERAAD (NORTH),DAGERAAD (NORTH),False,GECOM Register of Voters for LGE 2023,https://gecom.org.gy/public/assets/docs/lists/2023%20-%20Register%20of%20Voters%20for%20LGE%202023/D02/2.06-ABERDEEN:ZORG-EN-VLYGT.pdf
2,Pomeroon-Supenaam,2.06,ABERDEEN/ZORG-EN-VLYGT,NDC,8,DAGERAAD (SOUTH),DAGERAAD (SOUTH),False,GECOM Register of Voters for LGE 2023,https://gecom.org.gy/public/assets/docs/lists/2023%20-%20Register%20of%20Voters%20for%20LGE%202023/D02/2.06-ABERDEEN:ZORG-EN-VLYGT.pdf
2,Pomeroon-Supenaam,2.06,ABERDEEN/ZORG-EN-VLYGT,NDC,9,ZORG - EN - VLYGT,ZORG-EN-VLYGT,True,GECOM Register of Voters for LGE 2023,https://gecom.org.gy/public/assets/docs/lists/2023%20-%20Register%20of%20Voters%20for%20LGE%202023/D02/2.06-ABERDEEN:ZORG-EN-VLYGT.pdf
2,Pomeroon-Supenaam,2.07,ANNANDALE/RIVERSTOWN,NDC,1,ANNANDALE - ABRAMS ZUIL,ANNANDALE - ABRAMS ZUIL,False,GECOM Register of Voters for LGE 2023,https://gecom.org.gy/public/assets/docs/lists/2023%20-%20Register%20of%20Voters%20for%20LGE%202023/D02/2.07-ANNANDALE:RIVERSTOWN.pdf
2,Pomeroon-Supenaam,2.07,ANNANDALE/RIVERSTOWN,NDC,2,CULLEN,CULLEN,False,GECOM Register of Voters for LGE 2023,https://gecom.org.gy/public/assets/docs/lists/2023%20-%20Register%20of%20Voters%20for%20LGE%202023/D02/2.07-ANNANDALE:RIVERSTOWN.pdf
2,Pomeroon-Supenaam,2.07,ANNANDALE/RIVERSTOWN,NDC,3,PERSEVERANCE,PERSEVERANCE,False,GECOM Register of Voters for LGE 2023,https://gecom.org.gy/public/assets/docs/lists/2023%20-%20Register%20of%20Voters%20for%20LGE%202023/D02/2.07-ANNANDALE:RIVERSTOWN.pdf
2,Pomeroon-Supenaam,2.07,ANNANDALE/RIVERSTOWN,NDC,4,GOLDEN FLEECE - GOLDEN FLEECE ESTATE,GOLDEN FLEECE - GOLDEN FLEECE ESTATE,False,GECOM Register of Voters for LGE 2023,https://gecom.org.gy/public/assets/docs/lists/2023%20-%20Register%20of%20Voters%20for%20LGE%202023/D02/2.07-ANNANDALE:RIVERSTOWN.pdf
2,Pomeroon-Supenaam,2.07,ANNANDALE/RIVERSTOWN,NDC,5,ZORG,ZORG,False,GECOM Register of Voters for LGE 2023,https://gecom.org.gy/public/assets/docs/lists/2023%20-%20Register%20of%20Voters%20for%20LGE%202023/D02/2.07-ANNANDALE:RIVERSTOWN.pdf
2,Pomeroon-Supenaam,2.07,ANNANDALE/RIVERSTOWN,NDC,6,JOHANNA CECELIA,JOHANNA CECELIA,False,GECOM Register of Voters for LGE 2023,https://gecom.org.gy/public/assets/docs/lists/2023%20-%20Register%20of%20Voters%20for%20LGE%202023/D02/2.07-ANNANDALE:RIVERSTOWN.pdf
2,Pomeroon-Supenaam,2.07,ANNANDALE/RIVERSTOWN,NDC,7,MARIA’S LODGE - ONDERNEEMING,MARIA’S LODGE - ONDERNEEMING,False,GECOM Register of Voters for LGE 2023,https://gecom.org.gy/public/assets/docs/lists/2023%20-%20Register%20of%20Voters%20for%20LGE%202023/D02/2.07-ANNANDALE:RIVERSTOWN.pdf
2,Pomeroon-Supenaam,2.07,ANNANDALE/RIVERSTOWN,NDC,8,ADVENTURE,ADVENTURE,False,GECOM Register of Voters for LGE 2023,https://gecom.org.gy/public/assets/docs/lists/2023%20-%20Register%20of%20Voters%20for%20LGE%202023/D02/2.07-ANNANDALE:RIVERSTOWN.pdf
2,Pomeroon-Supenaam,2.07,ANNANDALE/RIVERSTOWN,NDC,9,AIRY HALL - RIVERSTOWN,AIRY HALL - RIVERSTOWN,False,GECOM Register of Voters for LGE 2023,https://gecom.org.gy/public/assets/docs/lists/2023%20-%20Register%20of%20Voters%20for%20LGE%202023/D02/2.07-ANNANDALE:RIVERSTOWN.pdf
2,Pomeroon-Supenaam,2.08,GOOD HOPE/POMONA,NDC,1,POMONA/POMONA HOUSING SCHEME,POMONA/POMONA HOUSING SCHEME,False,GECOM Register of Voters for LGE 2023,https://gecom.org.gy/public/assets/docs/lists/2023%20-%20Register%20of%20Voters%20for%20LGE%202023/D02/2.08-GOOD%20HOPE:POMONA.pdf
2,Pomeroon-Supenaam,2.08,GOOD HOPE/POMONA,NDC,2,HUIST’ DIEREN - MIDDLESEX,HUIS T’ DIEREN- MIDDLESEX,True,GECOM Register of Voters for LGE 2023,https://gecom.org.gy/public/assets/docs/lists/2023%20-%20Register%20of%20Voters%20for%20LGE%202023/D02/2.08-GOOD%20HOPE:POMONA.pdf
2,Pomeroon-Supenaam,2.08,GOOD HOPE/POMONA,NDC,3,VILVOORDEN,VILVOORDEN,False,GECOM Register of Voters for LGE 2023,https://gecom.org.gy/public/assets/docs/lists/2023%20-%20Register%20of%20Voters%20for%20LGE%202023/D02/2.08-GOOD%20HOPE:POMONA.pdf
2,Pomeroon-Supenaam,2.08,GOOD HOPE/POMONA,NDC,4,FAIRFIELD,FAIRFIELD,False,GECOM Register of Voters for LGE 2023,https://gecom.org.gy/public/assets/docs/lists/2023%20-%20Register%20of%20Voters%20for%20LGE%202023/D02/2.08-GOOD%20HOPE:POMONA.pdf
2,Pomeroon-Supenaam,2.08,GOOD HOPE/POMONA,NDC,5,MAKESHIFT,MAKESHIFT,False,GECOM Register of Voters for LGE 2023,https://gecom.org.gy/public/assets/docs/lists/2023%20-%20Register%20of%20Voters%20for%20LGE%202023/D02/2.08-GOOD%20HOPE:POMONA.pdf
2,Pomeroon-Supenaam,2.08,GOOD HOPE/POMONA,NDC,6,AURORA,AURORA,False,GECOM Register of Voters for LGE 2023,https://gecom.org.gy/public/assets/docs/lists/2023%20-%20Register%20of%20Voters%20for%20LGE%202023/D02/2.08-GOOD%20HOPE:POMONA.pdf
2,Pomeroon-Supenaam,2.08,GOOD HOPE/POMONA,NDC,7,AURORA ESTATE/ SPRING GARDEN/ GOOD INTENT,AURORA ESTATE/ SPRING GARDEN/ GOOD INTENT,False,GECOM Register of Voters for LGE 2023,https://gecom.org.gy/public/assets/docs/lists/2023%20-%20Register%20of%20Voters%20for%20LGE%202023/D02/2.08-GOOD%20HOPE:POMONA.pdf
2,Pomeroon-Supenaam,2.08,GOOD HOPE/POMONA,NDC,8,GOOD HOPE [NORTH],GOOD HOPE [NORTH],False,GECOM Register of Voters for LGE 2023,https://gecom.org.gy/public/assets/docs/lists/2023%20-%20Register%20of%20Voters%20for%20LGE%202023/D02/2.08-GOOD%20HOPE:POMONA.pdf
2,Pomeroon-Supenaam,2.08,GOOD HOPE/POMONA,NDC,9,GOOD HOPE [SOUTH],GOOD HOPE [SOUTH],False,GECOM Register of Voters for LGE 2023,https://gecom.org.gy/public/assets/docs/lists/2023%20-%20Register%20of%20Voters%20for%20LGE%202023/D02/2.08-GOOD%20HOPE:POMONA.pdf
3,Essequibo Islands-West Demerara,3.01,WAKENAAM,NDC,1,CONCORDIA - PALMYRA,CONCORDIA - PALMYRA,False,GECOM Register of Voters for LGE 2023,https://gecom.org.gy/public/assets/docs/lists/2023%20-%20Register%20of%20Voters%20for%20LGE%202023/D03/3.01-WAKENAAM.pdf
3,Essequibo Islands-West Demerara,3.01,WAKENAAM,NDC,2,RUSH BROOK - MARIA JOHANNA,RUSH BROOK - MARIA JOHANNA,False,GECOM Register of Voters for LGE 2023,https://gecom.org.gy/public/assets/docs/lists/2023%20-%20Register%20of%20Voters%20for%20LGE%202023/D03/3.01-WAKENAAM.pdf
3,Essequibo Islands-West Demerara,3.01,WAKENAAM,NDC,3,EAGLE’S RUST - GOOD SUCCESS,EAGLE’S RUST - GOOD SUCCESS,False,GECOM Register of Voters for LGE 2023,https://gecom.org.gy/public/assets/docs/lists/2023%20-%20Register%20of%20Voters%20for%20LGE%202023/D03/3.01-WAKENAAM.pdf
3,Essequibo Islands-West Demerara,3.01,WAKENAAM,NDC,4,SANS SOUCI – BELLE PLAINE (WEST OF PUBLIC ROAD),SANS SOUCI – BELLE PLAINE (WEST OF PUBLIC ROAD),False,GECOM Register of Voters for LGE 2023,https://gecom.org.gy/public/assets/docs/lists/2023%20-%20Register%20of%20Voters%20for%20LGE%202023/D03/3.01-WAKENAAM.pdf
3,Essequibo Islands-West Demerara,3.01,WAKENAAM,NDC,5,SANS SOUCI – BELLE PLAINE (EAST OF PUBLIC ROAD),SANS SOUCI – BELLE PLAINE (EAST OF PUBLIC ROAD),False,GECOM Register of Voters for LGE 2023,https://gecom.org.gy/public/assets/docs/lists/2023%20-%20Register%20of%20Voters%20for%20LGE%202023/D03/3.01-WAKENAAM.pdf
3,Essequibo Islands-West Demerara,3.01,WAKENAAM,NDC,6,SARAH - BANK HALL,SARAH - BANK HALL,False,GECOM Register of Voters for LGE 2023,https://gecom.org.gy/public/assets/docs/lists/2023%20-%20Register%20of%20Voters%20for%20LGE%202023/D03/3.01-WAKENAAM.pdf
3,Essequibo Islands-West Demerara,3.01,WAKENAAM,NDC,7,MEERZORG - ZEELANDIA,MEERZORG - ZEELANDIA,False,GECOM Register of Voters for LGE 2023,https://gecom.org.gy/public/assets/docs/lists/2023%20-%20Register%20of%20Voters%20for%20LGE%202023/D03/3.01-WAKENAAM.pdf
3,Essequibo Islands-West Demerara,3.01,WAKENAAM,NDC,8,MARIA’S PLEASURE - DOMBURG,MARIA’S PLEASURE - DOMBURG,False,GECOM Register of Voters for LGE 2023,https://gecom.org.gy/public/assets/docs/lists/2023%20-%20Register%20of%20Voters%20for%20LGE%202023/D03/3.01-WAKENAAM.pdf
3,Essequibo Islands-West Demerara,3.01,WAKENAAM,NDC,9,FREDRICKSBURG - NOITGEDACHT,FREDRICKSBURG - NOITGEDACHT,False,GECOM Register of Voters for LGE 2023,https://gecom.org.gy/public/assets/docs/lists/2023%20-%20Register%20of%20Voters%20for%20LGE%202023/D03/3.01-WAKENAAM.pdf
3,Essequibo Islands-West Demerara,3.02,LEGUAN,NDC,1,VROUW ANNA - OSTERBECK,VROUW ANNA - OSTERBECK,False,GECOM Register of Voters for LGE 2023,https://gecom.org.gy/public/assets/docs/lists/2023%20-%20Register%20of%20Voters%20for%20LGE%202023/D03/3.02-LEGUAN.pdf
3,Essequibo Islands-West Demerara,3.02,LEGUAN,NDC,2,SUCCESS - LA BAGATELLE (SUCCESS / MARYVILLE),SUCCESS - LA BAGATELLE (SUCCESS / MARYVILLE),False,GECOM Register of Voters for LGE 2023,https://gecom.org.gy/public/assets/docs/lists/2023%20-%20Register%20of%20Voters%20for%20LGE%202023/D03/3.02-LEGUAN.pdf
3,Essequibo Islands-West Demerara,3.02,LEGUAN,NDC,3,SUCCESS - LA BAGATELLE (BELFIELD / LA BAGATELLE),SUCCESS - LA BAGATELLE (BELFIELD / LA BAGATELLE),False,GECOM Register of Voters for LGE 2023,https://gecom.org.gy/public/assets/docs/lists/2023%20-%20Register%20of%20Voters%20for%20LGE%202023/D03/3.02-LEGUAN.pdf
3,Essequibo Islands-West Demerara,3.02,LEGUAN,NDC,4,SUCCESS - LA BAGATELLE (VERTROUWEN),SUCCESS - LA BAGATELLE (VERTROUWEN),False,GECOM Register of Voters for LGE 2023,https://gecom.org.gy/public/assets/docs/lists/2023%20-%20Register%20of%20Voters%20for%20LGE%202023/D03/3.02-LEGUAN.pdf
3,Essequibo Islands-West Demerara,3.02,LEGUAN,NDC,5,DOORN HAAG - RICHMOND HILL,DOORN HAAG - RICHMOND HILL,False,GECOM Register of Voters for LGE 2023,https://gecom.org.gy/public/assets/docs/lists/2023%20-%20Register%20of%20Voters%20for%20LGE%202023/D03/3.02-LEGUAN.pdf
3,Essequibo Islands-West Demerara,3.02,LEGUAN,NDC,6,GOOD INTENT - CANE GARDEN,GOOD INTENT - CANE GARDEN,False,GECOM Register of Voters for LGE 2023,https://gecom.org.gy/public/assets/docs/lists/2023%20-%20Register%20of%20Voters%20for%20LGE%202023/D03/3.02-LEGUAN.pdf
3,Essequibo Islands-West Demerara,3.02,LEGUAN,NDC,7,DAUNTLESS BANK - AMSTERDAM,DAUNTLESS BANK - AMSTERDAM,False,GECOM Register of Voters for LGE 2023,https://gecom.org.gy/public/assets/docs/lists/2023%20-%20Register%20of%20Voters%20for%20LGE%202023/D03/3.02-LEGUAN.pdf
3,Essequibo Islands-West Demerara,3.02,LEGUAN,NDC,8,ENDEA VOUR,ENDEA VOUR,False,GECOM Register of Voters for LGE 2023,https://gecom.org.gy/public/assets/docs/lists/2023%20-%20Register%20of%20Voters%20for%20LGE%202023/D03/3.02-LEGUAN.pdf
3,Essequibo Islands-West Demerara,3.02,LEGUAN,NDC,9,BLENHEIM - ENTERPRISE,BLENHEIM -ENTERPRISE,True,GECOM Register of Voters for LGE 2023,https://gecom.org.gy/public/assets/docs/lists/2023%20-%20Register%20of%20Voters%20for%20LGE%202023/D03/3.02-LEGUAN.pdf
3,Essequibo Islands-West Demerara,3.03,MORA/PARIKA,NDC,1,NAAMRYCK - MORA,NAAMRYCK - MORA,False,GECOM Register of Voters for LGE 2023,https://gecom.org.gy/public/assets/docs/lists/2023%20-%20Register%20of%20Voters%20for%20LGE%202023/D03/3.03-MORA:PARIKA.pdf
3,Essequibo Islands-West Demerara,3.03,MORA/PARIKA,NDC,2,PARIKA - LOOK OUT (HYDE PARK / LOOKOUT),PARIKA -LOOK OUT (HYDE PARK / LOOKOUT),True,GECOM Register of Voters for LGE 2023,https://gecom.org.gy/public/assets/docs/lists/2023%20-%20Register%20of%20Voters%20for%20LGE%202023/D03/3.03-MORA:PARIKA.pdf
3,Essequibo Islands-West Demerara,3.03,MORA/PARIKA,NDC,3,PARIKA (OUTFALL TO JOHN DALLU BRIDGE),PARIKA (OUTFALL TO JOHN DALLU BRIDGE),False,GECOM Register of Voters for LGE 2023,https://gecom.org.gy/public/assets/docs/lists/2023%20-%20Register%20of%20Voters%20for%20LGE%202023/D03/3.03-MORA:PARIKA.pdf
3,Essequibo Islands-West Demerara,3.03,MORA/PARIKA,NDC,4,PARIKA - SEA DAM TO MAIN ACCESS ROAD,PARIKA - SEA DAM TO MAIN ACCESS ROAD,False,GECOM Register of Voters for LGE 2023,https://gecom.org.gy/public/assets/docs/lists/2023%20-%20Register%20of%20Voters%20for%20LGE%202023/D03/3.03-MORA:PARIKA.pdf
3,Essequibo Islands-West Demerara,3.03,MORA/PARIKA,NDC,5,PARIKA (MAIN ACCESS ROAD TO FAÇADE TRENCH),PARIKA (MAIN ACCESS ROAD TO FAÇADE TRENCH),False,GECOM Register of Voters for LGE 2023,https://gecom.org.gy/public/assets/docs/lists/2023%20-%20Register%20of%20Voters%20for%20LGE%202023/D03/3.03-MORA:PARIKA.pdf
3,Essequibo Islands-West Demerara,3.03,MORA/PARIKA,NDC,6,PARIKA (WEST OF FAÇADE TRENCH),PARIKA (WEST OF FAÇADE TRENCH),False,GECOM Register of Voters for LGE 2023,https://gecom.org.gy/public/assets/docs/lists/2023%20-%20Register%20of%20Voters%20for%20LGE%202023/D03/3.03-MORA:PARIKA.pdf
3,Essequibo Islands-West Demerara,3.03,MORA/PARIKA,NDC,7,PARIKA (EAST OF FAÇADE TRENCH),PARIKA (EAST OF FAÇADE TRENCH),False,GECOM Register of Voters for LGE 2023,https://gecom.org.gy/public/assets/docs/lists/2023%20-%20Register%20of%20Voters%20for%20LGE%202023/D03/3.03-MORA:PARIKA.pdf
3,Essequibo Islands-West Demerara,3.03,MORA/PARIKA,NDC,8,PARIKA (PARIKA BACK DAM),PARIKA (PARIKA BACK DAM),False,GECOM Register of Voters for LGE 2023,https://gecom.org.gy/public/assets/docs/lists/2023%20-%20Register%20of%20Voters%20for%20LGE%202023/D03/3.03-MORA:PARIKA.pdf
3,Essequibo Islands-West Demerara,3.04,HYDRONIE/GOOD HOPE,NDC,1,HYDRONIE,HYDRONIE,False,GECOM Register of Voters for LGE 2023,https://gecom.org.gy/public/assets/docs/lists/2023%20-%20Register%20of%20Voters%20for%20LGE%202023/D03/3.04-HYDRONIE:GOOD%20HOPE.pdf
3,Essequibo Islands-West Demerara,3.04,HYDRONIE/GOOD HOPE,NDC,2,BUSHY PARK TO ORANGESTEIN,BUSHY PARK TO ORANGESTEIN,False,GECOM Register of Voters for LGE 2023,https://gecom.org.gy/public/assets/docs/lists/2023%20-%20Register%20of%20Voters%20for%20LGE%202023/D03/3.04-HYDRONIE:GOOD%20HOPE.pdf
3,Essequibo Islands-West Demerara,3.04,HYDRONIE/GOOD HOPE,NDC,3,LE DESTIN,LE DESTIN,False,GECOM Register of Voters for LGE 2023,https://gecom.org.gy/public/assets/docs/lists/2023%20-%20Register%20of%20Voters%20for%20LGE%202023/D03/3.04-HYDRONIE:GOOD%20HOPE.pdf
3,Essequibo Islands-West Demerara,3.04,HYDRONIE/GOOD HOPE,NDC,4,FARM,FARM,False,GECOM Register of Voters for LGE 2023,https://gecom.org.gy/public/assets/docs/lists/2023%20-%20Register%20of%20Voters%20for%20LGE%202023/D03/3.04-HYDRONIE:GOOD%20HOPE.pdf
3,Essequibo Islands-West Demerara,3.04,HYDRONIE/GOOD HOPE,NDC,5,RUBY,RUBY,False,GECOM Register of Voters for LGE 2023,https://gecom.org.gy/public/assets/docs/lists/2023%20-%20Register%20of%20Voters%20for%20LGE%202023/D03/3.04-HYDRONIE:GOOD%20HOPE.pdf
3,Essequibo Islands-West Demerara,3.04,HYDRONIE/GOOD HOPE,NDC,6,GOOD HOPE,GOOD HOPE,False,GECOM Register of Voters for LGE 2023,https://gecom.org.gy/public/assets/docs/lists/2023%20-%20Register%20of%20Voters%20for%20LGE%202023/D03/3.04-HYDRONIE:GOOD%20HOPE.pdf
3,Essequibo Islands-West Demerara,3.04,HYDRONIE/GOOD HOPE,NDC,7,RUBY BACKDAM,RUBY BACKDAM,False,GECOM Register of Voters for LGE 2023,https://gecom.org.gy/public/assets/docs/lists/2023%20-%20Register%20of%20Voters%20for%20LGE%202023/D03/3.04-HYDRONIE:GOOD%20HOPE.pdf
3,Essequibo Islands-West Demerara,3.05,GREENWICH PARK/VERGENOEGEN,NDC,1,GREENWICH PARK (NORTH),GREENWICH PARK (NORTH),False,GECOM Register of Voters for LGE 2023,https://gecom.org.gy/public/assets/docs/lists/2023%20-%20Register%20of%20Voters%20for%20LGE%202023/D03/3.05-GREENWICH%20PARK:VERGENOEGEN.pdf
3,Essequibo Islands-West Demerara,3.05,GREENWICH PARK/VERGENOEGEN,NDC,2,GREENWICH PARK (SOUTH),GREENWICH PARK (SOUTH),False,GECOM Register of Voters for LGE 2023,https://gecom.org.gy/public/assets/docs/lists/2023%20-%20Register%20of%20Voters%20for%20LGE%202023/D03/3.05-GREENWICH%20PARK:VERGENOEGEN.pdf
3,Essequibo Islands-West Demerara,3.05,GREENWICH PARK/VERGENOEGEN,NDC,3,BARNWELL,BARNWELL,False,GECOM Register of Voters for LGE 2023,https://gecom.org.gy/public/assets/docs/lists/2023%20-%20Register%20of%20Voters%20for%20LGE%202023/D03/3.05-GREENWICH%20PARK:VERGENOEGEN.pdf
3,Essequibo Islands-West Demerara,3.05,GREENWICH PARK/VERGENOEGEN,NDC,4,PHILADELPHIA,PHILADELPHIA,False,GECOM Register of Voters for LGE 2023,https://gecom.org.gy/public/assets/docs/lists/2023%20-%20Register%20of%20Voters%20for%20LGE%202023/D03/3.05-GREENWICH%20PARK:VERGENOEGEN.pdf
3,Essequibo Islands-West Demerara,3.05,GREENWICH PARK/VERGENOEGEN,NDC,5,VERGENOEGEN (SEAWALL TO CEMETERY STREET),VERGENOEGEN (SEAWALL TO CEMETERY STREET),False,GECOM Register of Voters for LGE 2023,https://gecom.org.gy/public/assets/docs/lists/2023%20-%20Register%20of%20Voters%20for%20LGE%202023/D03/3.05-GREENWICH%20PARK:VERGENOEGEN.pdf
3,Essequibo Islands-West Demerara,3.05,GREENWICH PARK/VERGENOEGEN,NDC,6,VERGENOEGEN (CEMETERY STREET TO BOERASIRIE CANAL),VERGENOEGEN (CEMETERY STREET TO BOERASIRIE CANAL),False,GECOM Register of Voters for LGE 2023,https://gecom.org.gy/public/assets/docs/lists/2023%20-%20Register%20of%20Voters%20for%20LGE%202023/D03/3.05-GREENWICH%20PARK:VERGENOEGEN.pdf
3,Essequibo Islands-West Demerara,3.05,GREENWICH PARK/VERGENOEGEN,NDC,7,VERGENOEGEN (SEAWALL TO OLD ROAD),VERGENOEGEN (SEAWALL TO OLD ROAD),False,GECOM Register of Voters for LGE 2023,https://gecom.org.gy/public/assets/docs/lists/2023%20-%20Register%20of%20Voters%20for%20LGE%202023/D03/3.05-GREENWICH%20PARK:VERGENOEGEN.pdf
3,Essequibo Islands-West Demerara,3.05,GREENWICH PARK/VERGENOEGEN,NDC,8,VERGENOEGEN (OLD ROAD TO BOERASIRIE CANAL),VERGENOEGEN (OLD ROAD TO BOERASIRIE CANAL),False,GECOM Register of Voters for LGE 2023,https://gecom.org.gy/public/assets/docs/lists/2023%20-%20Register%20of%20Voters%20for%20LGE%202023/D03/3.05-GREENWICH%20PARK:VERGENOEGEN.pdf
3,Essequibo Islands-West Demerara,3.06,TUSCHEN/UITVLUGT,NDC,1,TUSCHEN NORTH,TUSCHEN NORTH,False,GECOM Register of Voters for LGE 2023,https://gecom.org.gy/public/assets/docs/lists/2023%20-%20Register%20of%20Voters%20for%20LGE%202023/D03/3.06-TUSCHEN:UITVLUGT.pdf
3,Essequibo Islands-West Demerara,3.06,TUSCHEN/UITVLUGT,NDC,2,TUSCHEN SOUTH (WEST HALF),TUSCHEN SOUTH (WEST HALF),False,GECOM Register of Voters for LGE 2023,https://gecom.org.gy/public/assets/docs/lists/2023%20-%20Register%20of%20Voters%20for%20LGE%202023/D03/3.06-TUSCHEN:UITVLUGT.pdf
3,Essequibo Islands-West Demerara,3.06,TUSCHEN/UITVLUGT,NDC,3,TUSCHEN SOUTH (EAST HALF),TUSCHEN SOUTH (EAST HALF),False,GECOM Register of Voters for LGE 2023,https://gecom.org.gy/public/assets/docs/lists/2023%20-%20Register%20of%20Voters%20for%20LGE%202023/D03/3.06-TUSCHEN:UITVLUGT.pdf
3,Essequibo Islands-West Demerara,3.06,TUSCHEN/UITVLUGT,NDC,4,"ZEELUGT (WEST OF FISHER DAM, SOUTH OF PUBLIC ROAD)","ZEELUGT (WEST OF FISHER DAM, SOUTH OF PUBLIC ROAD)",False,GECOM Register of Voters for LGE 2023,https://gecom.org.gy/public/assets/docs/lists/2023%20-%20Register%20of%20Voters%20for%20LGE%202023/D03/3.06-TUSCHEN:UITVLUGT.pdf
3,Essequibo Islands-West Demerara,3.06,TUSCHEN/UITVLUGT,NDC,5,"ZEELUGT (EAST OF FISHER DAM, NORTH OF PUBLIC ROAD)","ZEELUGT (EAST OF FISHER DAM, NORTH OF PUBLIC ROAD)",False,GECOM Register of Voters for LGE 2023,https://gecom.org.gy/public/assets/docs/lists/2023%20-%20Register%20of%20Voters%20for%20LGE%202023/D03/3.06-TUSCHEN:UITVLUGT.pdf
3,Essequibo Islands-West Demerara,3.06,TUSCHEN/UITVLUGT,NDC,6,DE KINDEREN,DE KINDEREN,False,GECOM Register of Voters for LGE 2023,https://gecom.org.gy/public/assets/docs/lists/2023%20-%20Register%20of%20Voters%20for%20LGE%202023/D03/3.06-TUSCHEN:UITVLUGT.pdf
3,Essequibo Islands-West Demerara,3.06,TUSCHEN/UITVLUGT,NDC,7,MET - EN - MEERZORG (WEST),MET-EN-MEERZORG (WEST),True,GECOM Register of Voters for LGE 2023,https://gecom.org.gy/public/assets/docs/lists/2023%20-%20Register%20of%20Voters%20for%20LGE%202023/D03/3.06-TUSCHEN:UITVLUGT.pdf
3,Essequibo Islands-West Demerara,3.06,TUSCHEN/UITVLUGT,NDC,8,MET - EN - MEERZORG (EAST),MET-EN-MEERZORG (EAST),True,GECOM Register of Voters for LGE 2023,https://gecom.org.gy/public/assets/docs/lists/2023%20-%20Register%20of%20Voters%20for%20LGE%202023/D03/3.06-TUSCHEN:UITVLUGT.pdf
3,Essequibo Islands-West Demerara,3.06,TUSCHEN/UITVLUGT,NDC,9,ZEEBURG - DE WILLEM,ZEEBURG - DE WILLEM,False,GECOM Register of Voters for LGE 2023,https://gecom.org.gy/public/assets/docs/lists/2023%20-%20Register%20of%20Voters%20for%20LGE%202023/D03/3.06-TUSCHEN:UITVLUGT.pdf
3,Essequibo Islands-West Demerara,3.06,TUSCHEN/UITVLUGT,NDC,10,UITVLUGT,UITVLUGT,False,GECOM Register of Voters for LGE 2023,https://gecom.org.gy/public/assets/docs/lists/2023%20-%20Register%20of%20Voters%20for%20LGE%202023/D03/3.06-TUSCHEN:UITVLUGT.pdf
3,Essequibo Islands-West Demerara,3.07,STEWARTVILLE/CORNELIA IDA,NDC,1,"STEWARTVILLE (NORTH OF PUBLIC ROAD, EAST STEWARTVILLE)","STEWARTVILLE (NORTH OF PUBLIC ROAD, EAST STEWARTVILLE)",False,GECOM Register of Voters for LGE 2023,https://gecom.org.gy/public/assets/docs/lists/2023%20-%20Register%20of%20Voters%20for%20LGE%202023/D03/3.07-STEWARTVILLE:CORNELIA%20IDA.pdf
3,Essequibo Islands-West Demerara,3.07,STEWARTVILLE/CORNELIA IDA,NDC,2,"STEWARTVILLE WEST (SOUTH OF THE PUBLIC ROAD, WEST STEWARTVILLE)","STEWARTVILLE WEST (SOUTH OF THE PUBLIC ROAD, WEST STEWARTVILLE)",False,GECOM Register of Voters for LGE 2023,https://gecom.org.gy/public/assets/docs/lists/2023%20-%20Register%20of%20Voters%20for%20LGE%202023/D03/3.07-STEWARTVILLE:CORNELIA%20IDA.pdf
3,Essequibo Islands-West Demerara,3.07,STEWARTVILLE/CORNELIA IDA,NDC,3,"LEONORA (SEAFIELD, PASTURE, PARAFIELD)","LEONORA (SEAFIELD, PASTURE, PARAFIELD)",False,GECOM Register of Voters for LGE 2023,https://gecom.org.gy/public/assets/docs/lists/2023%20-%20Register%20of%20Voters%20for%20LGE%202023/D03/3.07-STEWARTVILLE:CORNELIA%20IDA.pdf
3,Essequibo Islands-West Demerara,3.07,STEWARTVILLE/CORNELIA IDA,NDC,4,"LEONORA (NORTH OF THE PUBLIC ROAD, JIB GROENVELDT)","LEONORA (NORTH OF THE PUBLIC ROAD, JIB GROENVELDT)",False,GECOM Register of Voters for LGE 2023,https://gecom.org.gy/public/assets/docs/lists/2023%20-%20Register%20of%20Voters%20for%20LGE%202023/D03/3.07-STEWARTVILLE:CORNELIA%20IDA.pdf
3,Essequibo Islands-West Demerara,3.07,STEWARTVILLE/CORNELIA IDA,NDC,5,EDINBURG - ANNA CATHERINA (NORTH OF DRAINAGE CANAL EAST OF BUS SHED STREET),EDINBURG - ANNA CATHERINA (NORTH OF DRAINAGE CANAL EAST OF BUS SHED STREET),False,GECOM Register of Voters for LGE 2023,https://gecom.org.gy/public/assets/docs/lists/2023%20-%20Register%20of%20Voters%20for%20LGE%202023/D03/3.07-STEWARTVILLE:CORNELIA%20IDA.pdf
3,Essequibo Islands-West Demerara,3.07,STEWARTVILLE/CORNELIA IDA,NDC,6,ANNA CATHERINA (SOUTH OF DRAINAGE CANAL WEST OF BUS SHED STREET),ANNA CATHERINA (SOUTH OF DRAINAGE CANAL WEST OF BUS SHED STREET),False,GECOM Register of Voters for LGE 2023,https://gecom.org.gy/public/assets/docs/lists/2023%20-%20Register%20of%20Voters%20for%20LGE%202023/D03/3.07-STEWARTVILLE:CORNELIA%20IDA.pdf
3,Essequibo Islands-West Demerara,3.07,STEWARTVILLE/CORNELIA IDA,NDC,7,EDINBURG – ANNA CATHERINA (SOUTH OF THE PUBLIC ROAD),EDINBURG – ANNA CATHERINA (SOUTH OF THE PUBLIC ROAD),False,GECOM Register of Voters for LGE 2023,https://gecom.org.gy/public/assets/docs/lists/2023%20-%20Register%20of%20Voters%20for%20LGE%202023/D03/3.07-STEWARTVILLE:CORNELIA%20IDA.pdf
3,Essequibo Islands-West Demerara,3.07,STEWARTVILLE/CORNELIA IDA,NDC,8,CORNELIA IDA (NORTH),CORNELIA IDA (NORTH),False,GECOM Register of Voters for LGE 2023,https://gecom.org.gy/public/assets/docs/lists/2023%20-%20Register%20of%20Voters%20for%20LGE%202023/D03/3.07-STEWARTVILLE:CORNELIA%20IDA.pdf
3,Essequibo Islands-West Demerara,3.07,STEWARTVILLE/CORNELIA IDA,NDC,9,"CORNELIA IDA (SOUTH, WEST HALF)","CORNELIA IDA (SOUTH, WEST HALF)",False,GECOM Register of Voters for LGE 2023,https://gecom.org.gy/public/assets/docs/lists/2023%20-%20Register%20of%20Voters%20for%20LGE%202023/D03/3.07-STEWARTVILLE:CORNELIA%20IDA.pdf
3,Essequibo Islands-West Demerara,3.07,STEWARTVILLE/CORNELIA IDA,NDC,10,"CORNELIA IDA (SOUTH, EAST HALF)","CORNELIA IDA (SOUTH, EAST HALF)",False,GECOM Register of Voters for LGE 2023,https://gecom.org.gy/public/assets/docs/lists/2023%20-%20Register%20of%20Voters%20for%20LGE%202023/D03/3.07-STEWARTVILLE:CORNELIA%20IDA.pdf
3,Essequibo Islands-West Demerara,3.08,CANALS POLDER,NDC,1,VRIES – EN –VRIENDSCHAP - SOESDYKE,VRIES – EN –VRIENDSCHAP - SOESDYKE,False,GECOM Register of Voters for LGE 2023,https://gecom.org.gy/public/assets/docs/lists/2023%20-%20Register%20of%20Voters%20for%20LGE%202023/D03/3.08-CANALS%20POLDER.pdf
3,Essequibo Islands-West Demerara,3.08,CANALS POLDER,NDC,2,JA V A - TWO BROTHERS,JA V A - TWO BROTHERS,False,GECOM Register of Voters for LGE 2023,https://gecom.org.gy/public/assets/docs/lists/2023%20-%20Register%20of%20Voters%20for%20LGE%202023/D03/3.08-CANALS%20POLDER.pdf
3,Essequibo Islands-West Demerara,3.08,CANALS POLDER,NDC,3,JACOBA CONSTANTIA - CONSERV ANCY,JACOBA CONSTANTIA - CONSERV ANCY,False,GECOM Register of Voters for LGE 2023,https://gecom.org.gy/public/assets/docs/lists/2023%20-%20Register%20of%20Voters%20for%20LGE%202023/D03/3.08-CANALS%20POLDER.pdf
3,Essequibo Islands-West Demerara,3.08,CANALS POLDER,NDC,4,LA HUEREUSE ADVENTURE - MES DELICES,LA HUEREUSE ADVENTURE - MES DELICES,False,GECOM Register of Voters for LGE 2023,https://gecom.org.gy/public/assets/docs/lists/2023%20-%20Register%20of%20Voters%20for%20LGE%202023/D03/3.08-CANALS%20POLDER.pdf
3,Essequibo Islands-West Demerara,3.08,CANALS POLDER,NDC,5,PRIV ATE LANDS (CANAL NO.2) LEFT BANK,PRIV ATE LANDS (CANAL NO.2) LEFT BANK,False,GECOM Register of Voters for LGE 2023,https://gecom.org.gy/public/assets/docs/lists/2023%20-%20Register%20of%20Voters%20for%20LGE%202023/D03/3.08-CANALS%20POLDER.pdf
3,Essequibo Islands-West Demerara,3.08,CANALS POLDER,NDC,6,"CAMERON DAM TO KOOMS DAM, OID MAN DAM TO CLAY BRICK ROAD","CAMERON DAM TO KOOMS DAM, OID MAN DAM TO CLAY BRICK ROAD",False,GECOM Register of Voters for LGE 2023,https://gecom.org.gy/public/assets/docs/lists/2023%20-%20Register%20of%20Voters%20for%20LGE%202023/D03/3.08-CANALS%20POLDER.pdf
3,Essequibo Islands-West Demerara,3.08,CANALS POLDER,NDC,7,BELLE WEST HOUSING SCHEME,BELLE WEST HOUSING SCHEME,False,GECOM Register of Voters for LGE 2023,https://gecom.org.gy/public/assets/docs/lists/2023%20-%20Register%20of%20Voters%20for%20LGE%202023/D03/3.08-CANALS%20POLDER.pdf
3,Essequibo Islands-West Demerara,3.08,CANALS POLDER,NDC,8,"NEW ANNLEGT, ROSETTA AND DE BUFF","NEW ANNLEGT, ROSETTA AND DE BUFF",False,GECOM Register of Voters for LGE 2023,https://gecom.org.gy/public/assets/docs/lists/2023%20-%20Register%20of%20Voters%20for%20LGE%202023/D03/3.08-CANALS%20POLDER.pdf
3,Essequibo Islands-West Demerara,3.08,CANALS POLDER,NDC,9,RIGHT BANK - NO.2 CANAL HEAD,RIGHT BANK - NO.2 CANAL HEAD,False,GECOM Register of Voters for LGE 2023,https://gecom.org.gy/public/assets/docs/lists/2023%20-%20Register%20of%20Voters%20for%20LGE%202023/D03/3.08-CANALS%20POLDER.pdf
3,Essequibo Islands-West Demerara,3.09,LA GRANGE/NISMES,NDC,1,PALMER STREET TO INDEPENDENCE STREET (NORTHERN HALF),PALMER STREET TO INDEPENDENCE STREET (NORTHERN HALF),False,GECOM Register of Voters for LGE 2023,https://gecom.org.gy/public/assets/docs/lists/2023%20-%20Register%20of%20Voters%20for%20LGE%202023/D03/3.09-LA%20GRANGE:NISMES.pdf
3,Essequibo Islands-West Demerara,3.09,LA GRANGE/NISMES,NDC,2,PALMER STREET TO INDEPENDENCE STREET (SOUTHERN HALF),PALMER STREET TO INDEPENDENCE STREET (SOUTHERN HALF),False,GECOM Register of Voters for LGE 2023,https://gecom.org.gy/public/assets/docs/lists/2023%20-%20Register%20of%20Voters%20for%20LGE%202023/D03/3.09-LA%20GRANGE:NISMES.pdf
3,Essequibo Islands-West Demerara,3.09,LA GRANGE/NISMES,NDC,3,SOUTHERN INDEPENDENCE STREET TO NORTHERN DOCTOR DAM - PUBLIC ROAD TO BACK TRENCH,SOUTHERN INDEPENDENCE STREET TO NORTHERN DOCTOR DAM- PUBLIC ROAD TO BACK TRENCH,True,GECOM Register of Voters for LGE 2023,https://gecom.org.gy/public/assets/docs/lists/2023%20-%20Register%20of%20Voters%20for%20LGE%202023/D03/3.09-LA%20GRANGE:NISMES.pdf
3,Essequibo Islands-West Demerara,3.09,LA GRANGE/NISMES,NDC,4,SOUTHERN DOCTOR DAM TO UNITY STREET,SOUTHERN DOCTOR DAM TO UNITY STREET,False,GECOM Register of Voters for LGE 2023,https://gecom.org.gy/public/assets/docs/lists/2023%20-%20Register%20of%20Voters%20for%20LGE%202023/D03/3.09-LA%20GRANGE:NISMES.pdf
3,Essequibo Islands-West Demerara,3.09,LA GRANGE/NISMES,NDC,5,SOUTH EAST LA GRANGE,SOUTH EAST LA GRANGE,False,GECOM Register of Voters for LGE 2023,https://gecom.org.gy/public/assets/docs/lists/2023%20-%20Register%20of%20Voters%20for%20LGE%202023/D03/3.09-LA%20GRANGE:NISMES.pdf
3,Essequibo Islands-West Demerara,3.09,LA GRANGE/NISMES,NDC,6,NORTH EAST LA GRANGE,NORTH EAST LA GRANGE,False,GECOM Register of Voters for LGE 2023,https://gecom.org.gy/public/assets/docs/lists/2023%20-%20Register%20of%20Voters%20for%20LGE%202023/D03/3.09-LA%20GRANGE:NISMES.pdf
3,Essequibo Islands-West Demerara,3.09,LA GRANGE/NISMES,NDC,7,NORTHERN AND EASTERN BAGOTVILLE,NORTHERN AND EASTERN BAGOTVILLE,False,GECOM Register of Voters for LGE 2023,https://gecom.org.gy/public/assets/docs/lists/2023%20-%20Register%20of%20Voters%20for%20LGE%202023/D03/3.09-LA%20GRANGE:NISMES.pdf
3,Essequibo Islands-West Demerara,3.09,LA GRANGE/NISMES,NDC,8,WESTERN BAGOTVILLE,WESTERN BAGOTVILLE,False,GECOM Register of Voters for LGE 2023,https://gecom.org.gy/public/assets/docs/lists/2023%20-%20Register%20of%20Voters%20for%20LGE%202023/D03/3.09-LA%20GRANGE:NISMES.pdf
3,Essequibo Islands-West Demerara,3.09,LA GRANGE/NISMES,NDC,9,NISMES,NISMES,False,GECOM Register of Voters for LGE 2023,https://gecom.org.gy/public/assets/docs/lists/2023%20-%20Register%20of%20Voters%20for%20LGE%202023/D03/3.09-LA%20GRANGE:NISMES.pdf
3,Essequibo Islands-West Demerara,3.10,TOEVLUGT/PATENTIA,NDC,1,TOEVLUGT/LA RETRAITE,TOEVLUGT/LA RETRAITE,False,GECOM Register of Voters for LGE 2023,https://gecom.org.gy/public/assets/docs/lists/2023%20-%20Register%20of%20Voters%20for%20LGE%202023/D03/3.10-TOEVLUGT:PATENTIA.pdf
3,Essequibo Islands-West Demerara,3.10,TOEVLUGT/PATENTIA,NDC,2,SOUTH OF CHURCH STREET TO INNER STANLEYTOWN,SOUTH OF CHURCH STREET TO INNER STANLEYTOWN,False,GECOM Register of Voters for LGE 2023,https://gecom.org.gy/public/assets/docs/lists/2023%20-%20Register%20of%20Voters%20for%20LGE%202023/D03/3.10-TOEVLUGT:PATENTIA.pdf
3,Essequibo Islands-West Demerara,3.10,TOEVLUGT/PATENTIA,NDC,3,BELLE VUE/EASTERN GOOD INTENT,BELLE VUE/EASTERN GOOD INTENT,False,GECOM Register of Voters for LGE 2023,https://gecom.org.gy/public/assets/docs/lists/2023%20-%20Register%20of%20Voters%20for%20LGE%202023/D03/3.10-TOEVLUGT:PATENTIA.pdf
3,Essequibo Islands-West Demerara,3.10,TOEVLUGT/PATENTIA,NDC,4,WEST GOOD INTENT,WEST GOOD INTENT,False,GECOM Register of Voters for LGE 2023,https://gecom.org.gy/public/assets/docs/lists/2023%20-%20Register%20of%20Voters%20for%20LGE%202023/D03/3.10-TOEVLUGT:PATENTIA.pdf
3,Essequibo Islands-West Demerara,3.10,TOEVLUGT/PATENTIA,NDC,5,NORTH EAST DE GESUSTERS SISTERS VILLAGE,NORTH EAST DE GESUSTERS SISTERS VILLAGE,False,GECOM Register of Voters for LGE 2023,https://gecom.org.gy/public/assets/docs/lists/2023%20-%20Register%20of%20Voters%20for%20LGE%202023/D03/3.10-TOEVLUGT:PATENTIA.pdf
3,Essequibo Islands-West Demerara,3.10,TOEVLUGT/PATENTIA,NDC,6,SOUTHERN DE GESUSTERS (SISTERS VILLAGE) AND WALES,SOUTHERN DE GESUSTERS (SISTERS VILLAGE) AND WALES,False,GECOM Register of Voters for LGE 2023,https://gecom.org.gy/public/assets/docs/lists/2023%20-%20Register%20of%20Voters%20for%20LGE%202023/D03/3.10-TOEVLUGT:PATENTIA.pdf
3,Essequibo Islands-West Demerara,3.10,TOEVLUGT/PATENTIA,NDC,7,WEST PATENTIA HOUSING SCHEME,WEST PATENTIA HOUSING SCHEME,False,GECOM Register of Voters for LGE 2023,https://gecom.org.gy/public/assets/docs/lists/2023%20-%20Register%20of%20Voters%20for%20LGE%202023/D03/3.10-TOEVLUGT:PATENTIA.pdf
3,Essequibo Islands-West Demerara,3.10,TOEVLUGT/PATENTIA,NDC,8,EAST PATENTIA HOUSING SCHEME TO SQUATTING AREA & CULTIV ATION LANDS,EAST PATENTIA HOUSING SCHEME TO SQUATTING AREA & CULTIV ATION LANDS,False,GECOM Register of Voters for LGE 2023,https://gecom.org.gy/public/assets/docs/lists/2023%20-%20Register%20of%20Voters%20for%20LGE%202023/D03/3.10-TOEVLUGT:PATENTIA.pdf
3,Essequibo Islands-West Demerara,3.10,TOEVLUGT/PATENTIA,NDC,9,VRIESLAND/FREE & EASY,VRIESLAND/FREE & EASY,False,GECOM Register of Voters for LGE 2023,https://gecom.org.gy/public/assets/docs/lists/2023%20-%20Register%20of%20Voters%20for%20LGE%202023/D03/3.10-TOEVLUGT:PATENTIA.pdf
3,Essequibo Islands-West Demerara,3.11,HAGUE/BLANKENBURG,NDC,1,HAGUE – NORTH OF THE PUBLIC ROAD,HAGUE – NORTH OF THE PUBLIC ROAD,False,GECOM Register of Voters for LGE 2023,https://gecom.org.gy/public/assets/docs/lists/2023%20-%20Register%20of%20Voters%20for%20LGE%202023/D03/3.11-HAGUE:BLANKENBURG.pdf
3,Essequibo Islands-West Demerara,3.11,HAGUE/BLANKENBURG,NDC,2,HAGUE – SOUTH OF THE PUBLIC ROAD,HAGUE – SOUTH OF THE PUBLIC ROAD,False,GECOM Register of Voters for LGE 2023,https://gecom.org.gy/public/assets/docs/lists/2023%20-%20Register%20of%20Voters%20for%20LGE%202023/D03/3.11-HAGUE:BLANKENBURG.pdf
3,Essequibo Islands-West Demerara,3.11,HAGUE/BLANKENBURG,NDC,3,HAGUE BACK,HAGUE BACK,False,GECOM Register of Voters for LGE 2023,https://gecom.org.gy/public/assets/docs/lists/2023%20-%20Register%20of%20Voters%20for%20LGE%202023/D03/3.11-HAGUE:BLANKENBURG.pdf
3,Essequibo Islands-West Demerara,3.11,HAGUE/BLANKENBURG,NDC,4,FELLOWSHIP,FELLOWSHIP,False,GECOM Register of Voters for LGE 2023,https://gecom.org.gy/public/assets/docs/lists/2023%20-%20Register%20of%20Voters%20for%20LGE%202023/D03/3.11-HAGUE:BLANKENBURG.pdf
3,Essequibo Islands-West Demerara,3.11,HAGUE/BLANKENBURG,NDC,5,DEN AMSTEL – NORTHERN SIDE OF THE OLD ROAD,DEN AMSTEL – NORTHERN SIDE OF THE OLD ROAD,False,GECOM Register of Voters for LGE 2023,https://gecom.org.gy/public/assets/docs/lists/2023%20-%20Register%20of%20Voters%20for%20LGE%202023/D03/3.11-HAGUE:BLANKENBURG.pdf
3,Essequibo Islands-West Demerara,3.11,HAGUE/BLANKENBURG,NDC,6,DEN AMSTEL - EAST OF CLAYBRICK ROAD,DEN AMSTEL-EAST OF CLAYBRICK ROAD,True,GECOM Register of Voters for LGE 2023,https://gecom.org.gy/public/assets/docs/lists/2023%20-%20Register%20of%20Voters%20for%20LGE%202023/D03/3.11-HAGUE:BLANKENBURG.pdf
3,Essequibo Islands-West Demerara,3.11,HAGUE/BLANKENBURG,NDC,7,DEN AMSTEL - WEST OF CLAYBRICK ROAD,DEN AMSTEL-WEST OF CLAYBRICK ROAD,True,GECOM Register of Voters for LGE 2023,https://gecom.org.gy/public/assets/docs/lists/2023%20-%20Register%20of%20Voters%20for%20LGE%202023/D03/3.11-HAGUE:BLANKENBURG.pdf
3,Essequibo Islands-West Demerara,3.11,HAGUE/BLANKENBURG,NDC,8,BLANKENBURG (WEST),BLANKENBURG (WEST),False,GECOM Register of Voters for LGE 2023,https://gecom.org.gy/public/assets/docs/lists/2023%20-%20Register%20of%20Voters%20for%20LGE%202023/D03/3.11-HAGUE:BLANKENBURG.pdf
3,Essequibo Islands-West Demerara,3.11,HAGUE/BLANKENBURG,NDC,9,BLANKENBURG (EAST),BLANKENBURG (EAST),False,GECOM Register of Voters for LGE 2023,https://gecom.org.gy/public/assets/docs/lists/2023%20-%20Register%20of%20Voters%20for%20LGE%202023/D03/3.11-HAGUE:BLANKENBURG.pdf
3,Essequibo Islands-West Demerara,3.12,LA JALOUSIE/NOUVELLE FLANDERS,NDC,1,LA JALOUSIE (NORTH),LA JALOUSIE (NORTH),False,GECOM Register of Voters for LGE 2023,https://gecom.org.gy/public/assets/docs/lists/2023%20-%20Register%20of%20Voters%20for%20LGE%202023/D03/3.12-LA%20JALOUSIE:NOUVELLE%20FLANDERS.pdf
3,Essequibo Islands-West Demerara,3.12,LA JALOUSIE/NOUVELLE FLANDERS,NDC,2,LA JALOUSIE (SOUTH),LA JALOUSIE (SOUTH),False,GECOM Register of Voters for LGE 2023,https://gecom.org.gy/public/assets/docs/lists/2023%20-%20Register%20of%20Voters%20for%20LGE%202023/D03/3.12-LA%20JALOUSIE:NOUVELLE%20FLANDERS.pdf
3,Essequibo Islands-West Demerara,3.12,LA JALOUSIE/NOUVELLE FLANDERS,NDC,3,NORTH WEST WINDSOR FOREST,NORTH WEST WINDSOR FOREST,False,GECOM Register of Voters for LGE 2023,https://gecom.org.gy/public/assets/docs/lists/2023%20-%20Register%20of%20Voters%20for%20LGE%202023/D03/3.12-LA%20JALOUSIE:NOUVELLE%20FLANDERS.pdf
3,Essequibo Islands-West Demerara,3.12,LA JALOUSIE/NOUVELLE FLANDERS,NDC,4,CENTRAL WINDSOR FOREST,CENTRAL WINDSOR FOREST,False,GECOM Register of Voters for LGE 2023,https://gecom.org.gy/public/assets/docs/lists/2023%20-%20Register%20of%20Voters%20for%20LGE%202023/D03/3.12-LA%20JALOUSIE:NOUVELLE%20FLANDERS.pdf
3,Essequibo Islands-West Demerara,3.12,LA JALOUSIE/NOUVELLE FLANDERS,NDC,5,SOUTH WEST WINDSOR FOREST,SOUTH WEST WINDSOR FOREST,False,GECOM Register of Voters for LGE 2023,https://gecom.org.gy/public/assets/docs/lists/2023%20-%20Register%20of%20Voters%20for%20LGE%202023/D03/3.12-LA%20JALOUSIE:NOUVELLE%20FLANDERS.pdf
3,Essequibo Islands-West Demerara,3.12,LA JALOUSIE/NOUVELLE FLANDERS,NDC,6,NORTH EAST WINDSOR FOREST,NORTH EAST WINDSOR FOREST,False,GECOM Register of Voters for LGE 2023,https://gecom.org.gy/public/assets/docs/lists/2023%20-%20Register%20of%20Voters%20for%20LGE%202023/D03/3.12-LA%20JALOUSIE:NOUVELLE%20FLANDERS.pdf
3,Essequibo Islands-West Demerara,3.12,LA JALOUSIE/NOUVELLE FLANDERS,NDC,7,SOUTH EAST WINDSOR FOREST,SOUTH EAST WINDSOR FOREST,False,GECOM Register of Voters for LGE 2023,https://gecom.org.gy/public/assets/docs/lists/2023%20-%20Register%20of%20Voters%20for%20LGE%202023/D03/3.12-LA%20JALOUSIE:NOUVELLE%20FLANDERS.pdf
3,Essequibo Islands-West Demerara,3.12,LA JALOUSIE/NOUVELLE FLANDERS,NDC,8,RUIMZIGT,RUIMZIGT,False,GECOM Register of Voters for LGE 2023,https://gecom.org.gy/public/assets/docs/lists/2023%20-%20Register%20of%20Voters%20for%20LGE%202023/D03/3.12-LA%20JALOUSIE:NOUVELLE%20FLANDERS.pdf
3,Essequibo Islands-West Demerara,3.12,LA JALOUSIE/NOUVELLE FLANDERS,NDC,9,WALLERS DELIGHT - NOUVELLE FLANDERS,WALLERS DELIGHT - NOUVELLE FLANDERS,False,GECOM Register of Voters for LGE 2023,https://gecom.org.gy/public/assets/docs/lists/2023%20-%20Register%20of%20Voters%20for%20LGE%202023/D03/3.12-LA%20JALOUSIE:NOUVELLE%20FLANDERS.pdf
3,Essequibo Islands-West Demerara,3.13,THE BEST/ KLIEN POUDEROYEN,NDC,1,THE BEST (NORTH OF TEMPLE STREET),THE BEST (NORTH OF TEMPLE STREET),False,GECOM Register of Voters for LGE 2023,https://gecom.org.gy/public/assets/docs/lists/2023%20-%20Register%20of%20Voters%20for%20LGE%202023/D03/3.13-THE%20BEST:%20KLIEN%20POUDEROYEN.pdf
3,Essequibo Islands-West Demerara,3.13,THE BEST/ KLIEN POUDEROYEN,NDC,2,THE BEST (SOUTH OF TEMPLE STREET),THE BEST (SOUTH OF TEMPLE STREET),False,GECOM Register of Voters for LGE 2023,https://gecom.org.gy/public/assets/docs/lists/2023%20-%20Register%20of%20Voters%20for%20LGE%202023/D03/3.13-THE%20BEST:%20KLIEN%20POUDEROYEN.pdf
3,Essequibo Islands-West Demerara,3.13,THE BEST/ KLIEN POUDEROYEN,NDC,3,PLANTATION BEST (EAST),PLANTATION BEST (EAST),False,GECOM Register of Voters for LGE 2023,https://gecom.org.gy/public/assets/docs/lists/2023%20-%20Register%20of%20Voters%20for%20LGE%202023/D03/3.13-THE%20BEST:%20KLIEN%20POUDEROYEN.pdf
3,Essequibo Islands-West Demerara,3.13,THE BEST/ KLIEN POUDEROYEN,NDC,4,VREED EN HOOP (WEST OF PAPI STREET) NORTH OF THE PUBLIC ROAD,VREED EN HOOP (WEST OF PAPI STREET) NORTH OF THE PUBLIC ROAD,False,GECOM Register of Voters for LGE 2023,https://gecom.org.gy/public/assets/docs/lists/2023%20-%20Register%20of%20Voters%20for%20LGE%202023/D03/3.13-THE%20BEST:%20KLIEN%20POUDEROYEN.pdf
3,Essequibo Islands-West Demerara,3.13,THE BEST/ KLIEN POUDEROYEN,NDC,5,VREED - EN - HOOP (EAST OF PAPI STREET) SOUTH OF PUBLIC ROAD TO THE DEMERARA RIVER,VREED-EN-HOOP (EAST OF PAPI STREET) SOUTH OF PUBLIC ROAD TO THE DEMERARA RIVER,True,GECOM Register of Voters for LGE 2023,https://gecom.org.gy/public/assets/docs/lists/2023%20-%20Register%20of%20Voters%20for%20LGE%202023/D03/3.13-THE%20BEST:%20KLIEN%20POUDEROYEN.pdf
3,Essequibo Islands-West Demerara,3.13,THE BEST/ KLIEN POUDEROYEN,NDC,6,"VREED - EN - HOOP (WEST OF LOT 115), SOUTH OF NEW ROAD TO PLANTAIN WALK AND NORTH COGHLAN DAM","VREED-EN- HOOP (WEST OF LOT 115), SOUTH OF NEW ROAD TO PLANTAIN WALK AND NORTH COGHLAN DAM",True,GECOM Register of Voters for LGE 2023,https://gecom.org.gy/public/assets/docs/lists/2023%20-%20Register%20of%20Voters%20for%20LGE%202023/D03/3.13-THE%20BEST:%20KLIEN%20POUDEROYEN.pdf
3,Essequibo Islands-West Demerara,3.13,THE BEST/ KLIEN POUDEROYEN,NDC,7,NORTH KLIEN POUDEROYEN,NORTH KLIEN POUDEROYEN,False,GECOM Register of Voters for LGE 2023,https://gecom.org.gy/public/assets/docs/lists/2023%20-%20Register%20of%20Voters%20for%20LGE%202023/D03/3.13-THE%20BEST:%20KLIEN%20POUDEROYEN.pdf
3,Essequibo Islands-West Demerara,3.13,THE BEST/ KLIEN POUDEROYEN,NDC,8,PHOENIX PARK AND NORTH KILLARNEY,PHOENIX PARK AND NORTH KILLARNEY,False,GECOM Register of Voters for LGE 2023,https://gecom.org.gy/public/assets/docs/lists/2023%20-%20Register%20of%20Voters%20for%20LGE%202023/D03/3.13-THE%20BEST:%20KLIEN%20POUDEROYEN.pdf
3,Essequibo Islands-West Demerara,3.13,THE BEST/ KLIEN POUDEROYEN,NDC,9,SOUTH KILLARNEY AND NORTH OF KEITH MASSIAH STREET (MIDDLE STREET),SOUTH KILLARNEY AND NORTH OF KEITH MASSIAH STREET (MIDDLE STREET),False,GECOM Register of Voters for LGE 2023,https://gecom.org.gy/public/assets/docs/lists/2023%20-%20Register%20of%20Voters%20for%20LGE%202023/D03/3.13-THE%20BEST:%20KLIEN%20POUDEROYEN.pdf
3,Essequibo Islands-West Demerara,3.13,THE BEST/ KLIEN POUDEROYEN,NDC,10,SOUTH OF KEITH MASSIAH STREET AND PHOENIX PARK PHASE 2 HOUSING SCHEME,SOUTH OF KEITH MASSIAH STREET AND PHOENIX PARK PHASE 2 HOUSING SCHEME,False,GECOM Register of Voters for LGE 2023,https://gecom.org.gy/public/assets/docs/lists/2023%20-%20Register%20of%20Voters%20for%20LGE%202023/D03/3.13-THE%20BEST:%20KLIEN%20POUDEROYEN.pdf
3,Essequibo Islands-West Demerara,3.14,MALGRE' TOUT/MEER-ZORGEN,NDC,1,MALGRE' TOUT/VERSAILLES,MALGRE' TOUT/VERSAILLES,False,GECOM Register of Voters for LGE 2023,https://gecom.org.gy/public/assets/docs/lists/2023%20-%20Register%20of%20Voters%20for%20LGE%202023/D03/3.14-THE%20BEST:%20KLIEN%20POUDEROYEN.pdf
3,Essequibo Islands-West Demerara,3.14,MALGRE' TOUT/MEER-ZORGEN,NDC,2,NORTHERN GOED FORTUIN,NORTHERN GOED FORTUIN,False,GECOM Register of Voters for LGE 2023,https://gecom.org.gy/public/assets/docs/lists/2023%20-%20Register%20of%20Voters%20for%20LGE%202023/D03/3.14-THE%20BEST:%20KLIEN%20POUDEROYEN.pdf
3,Essequibo Islands-West Demerara,3.14,MALGRE' TOUT/MEER-ZORGEN,NDC,3,SOUTHERN GOED FORTUIN,SOUTHERN GOED FORTUIN,False,GECOM Register of Voters for LGE 2023,https://gecom.org.gy/public/assets/docs/lists/2023%20-%20Register%20of%20Voters%20for%20LGE%202023/D03/3.14-THE%20BEST:%20KLIEN%20POUDEROYEN.pdf
3,Essequibo Islands-West Demerara,3.14,MALGRE' TOUT/MEER-ZORGEN,NDC,4,GOED FORTUIN OLD HOUSING SCHEME (NORTH OF TEMPLE STREET),GOED FORTUIN OLD HOUSING SCHEME (NORTH OF TEMPLE STREET),False,GECOM Register of Voters for LGE 2023,https://gecom.org.gy/public/assets/docs/lists/2023%20-%20Register%20of%20Voters%20for%20LGE%202023/D03/3.14-THE%20BEST:%20KLIEN%20POUDEROYEN.pdf
3,Essequibo Islands-West Demerara,3.14,MALGRE' TOUT/MEER-ZORGEN,NDC,5,GOED FORTUIN OLD HOUSING SCHEME (SOUTH OF TEMPLE STREET),GOED FORTUIN OLD HOUSING SCHEME (SOUTH OF TEMPLE STREET),False,GECOM Register of Voters for LGE 2023,https://gecom.org.gy/public/assets/docs/lists/2023%20-%20Register%20of%20Voters%20for%20LGE%202023/D03/3.14-THE%20BEST:%20KLIEN%20POUDEROYEN.pdf
3,Essequibo Islands-West Demerara,3.14,MALGRE' TOUT/MEER-ZORGEN,NDC,6,GOED FORTUIN SQUATTING AREA,GOED FORTUIN SQUATTING AREA,False,GECOM Register of Voters for LGE 2023,https://gecom.org.gy/public/assets/docs/lists/2023%20-%20Register%20of%20Voters%20for%20LGE%202023/D03/3.14-THE%20BEST:%20KLIEN%20POUDEROYEN.pdf
3,Essequibo Islands-West Demerara,3.14,MALGRE' TOUT/MEER-ZORGEN,NDC,7,LA PARFAITE HARMONIE AND WESTMINSTER,LA PARFAITE HARMONIE AND WESTMINSTER,False,GECOM Register of Voters for LGE 2023,https://gecom.org.gy/public/assets/docs/lists/2023%20-%20Register%20of%20Voters%20for%20LGE%202023/D03/3.14-THE%20BEST:%20KLIEN%20POUDEROYEN.pdf
3,Essequibo Islands-West Demerara,3.14,MALGRE' TOUT/MEER-ZORGEN,NDC,8,"ONDERNEEMING, RECHT DOOR ZEE AND LUST EN RUST","ONDERNEEMING, RECHT DOOR ZEE AND LUST EN RUST",False,GECOM Register of Voters for LGE 2023,https://gecom.org.gy/public/assets/docs/lists/2023%20-%20Register%20of%20Voters%20for%20LGE%202023/D03/3.14-THE%20BEST:%20KLIEN%20POUDEROYEN.pdf
4,Demerara-Mahaica,4.01,HAURARUNI/YAROWKABRA,NDC,1,YAROWKABRA (NORTH OF CIRCUIT/ MISSION ROAD),YAROWKABRA (NORTH OF CIRCUIT/ MISSION ROAD),False,GECOM Register of Voters for LGE 2023,https://gecom.org.gy/public/assets/docs/lists/2023%20-%20Register%20of%20Voters%20for%20LGE%202023/D04/4.01-HAURARUNI:YAROWKABRA.pdf
4,Demerara-Mahaica,4.01,HAURARUNI/YAROWKABRA,NDC,2,"SANS SOUCI/ YAROWKABRA (SOUTH OF CIRCUIT ROAD, WEST OF S.L.H)","SANS SOUCI/ YAROWKABRA (SOUTH OF CIRCUIT ROAD, WEST OF S.L.H)",False,GECOM Register of Voters for LGE 2023,https://gecom.org.gy/public/assets/docs/lists/2023%20-%20Register%20of%20Voters%20for%20LGE%202023/D04/4.01-HAURARUNI:YAROWKABRA.pdf
4,Demerara-Mahaica,4.01,HAURARUNI/YAROWKABRA,NDC,3,KURU KURU/HAURARUNI,KURU KURU/HAURARUNI,False,GECOM Register of Voters for LGE 2023,https://gecom.org.gy/public/assets/docs/lists/2023%20-%20Register%20of%20Voters%20for%20LGE%202023/D04/4.01-HAURARUNI:YAROWKABRA.pdf
4,Demerara-Mahaica,4.02,LAMAHA/YAROWKABRA,NDC,1,KURU KURURU (NORTH),KURU KURURU (NORTH),False,GECOM Register of Voters for LGE 2023,https://gecom.org.gy/public/assets/docs/lists/2023%20-%20Register%20of%20Voters%20for%20LGE%202023/D04/4.02-LAMAHA:YAROWKABRA.pdf
4,Demerara-Mahaica,4.02,LAMAHA/YAROWKABRA,NDC,2,KURU KURURU (EAST),KURU KURURU (EAST),False,GECOM Register of Voters for LGE 2023,https://gecom.org.gy/public/assets/docs/lists/2023%20-%20Register%20of%20Voters%20for%20LGE%202023/D04/4.02-LAMAHA:YAROWKABRA.pdf
4,Demerara-Mahaica,4.02,LAMAHA/YAROWKABRA,NDC,3,KURU KURURU (WEST),KURU KURURU (WEST),False,GECOM Register of Voters for LGE 2023,https://gecom.org.gy/public/assets/docs/lists/2023%20-%20Register%20of%20Voters%20for%20LGE%202023/D04/4.02-LAMAHA:YAROWKABRA.pdf
4,Demerara-Mahaica,4.02,LAMAHA/YAROWKABRA,NDC,4,MARUDI/MADEWINI (WAIAKABRA),MARUDI/MADEWINI (WAIAKABRA),False,GECOM Register of Voters for LGE 2023,https://gecom.org.gy/public/assets/docs/lists/2023%20-%20Register%20of%20Voters%20for%20LGE%202023/D04/4.02-LAMAHA:YAROWKABRA.pdf
4,Demerara-Mahaica,4.02,LAMAHA/YAROWKABRA,NDC,5,MARUDI/MADEWINI (SWAN),MARUDI/MADEWINI (SWAN),False,GECOM Register of Voters for LGE 2023,https://gecom.org.gy/public/assets/docs/lists/2023%20-%20Register%20of%20Voters%20for%20LGE%202023/D04/4.02-LAMAHA:YAROWKABRA.pdf
4,Demerara-Mahaica,4.03,SOESDYKE/HUIST COVERDEN,NDC,1,FERNANDES ROAD (NORTH),FERNANDES ROAD (NORTH),False,GECOM Register of Voters for LGE 2023,https://gecom.org.gy/public/assets/docs/lists/2023%20-%20Register%20of%20Voters%20for%20LGE%202023/D04/4.03-SOESDYKE:HUIST%20COVERDEN.pdf
4,Demerara-Mahaica,4.03,SOESDYKE/HUIST COVERDEN,NDC,2,FERNANDES ROAD (SOUTH),FERNANDES ROAD (SOUTH),False,GECOM Register of Voters for LGE 2023,https://gecom.org.gy/public/assets/docs/lists/2023%20-%20Register%20of%20Voters%20for%20LGE%202023/D04/4.03-SOESDYKE:HUIST%20COVERDEN.pdf
4,Demerara-Mahaica,4.03,SOESDYKE/HUIST COVERDEN,NDC,3,GURUHU (NORTH),GURUHU (NORTH),False,GECOM Register of Voters for LGE 2023,https://gecom.org.gy/public/assets/docs/lists/2023%20-%20Register%20of%20Voters%20for%20LGE%202023/D04/4.03-SOESDYKE:HUIST%20COVERDEN.pdf
4,Demerara-Mahaica,4.03,SOESDYKE/HUIST COVERDEN,NDC,4,GRANT SAND ROAD (NORTH),GRANT SAND ROAD (NORTH),False,GECOM Register of Voters for LGE 2023,https://gecom.org.gy/public/assets/docs/lists/2023%20-%20Register%20of%20Voters%20for%20LGE%202023/D04/4.03-SOESDYKE:HUIST%20COVERDEN.pdf
4,Demerara-Mahaica,4.03,SOESDYKE/HUIST COVERDEN,NDC,5,GRANT SAND ROAD (SOUTH),GRANT SAND ROAD (SOUTH),False,GECOM Register of Voters for LGE 2023,https://gecom.org.gy/public/assets/docs/lists/2023%20-%20Register%20of%20Voters%20for%20LGE%202023/D04/4.03-SOESDYKE:HUIST%20COVERDEN.pdf
4,Demerara-Mahaica,4.03,SOESDYKE/HUIST COVERDEN,NDC,6,CHRIS AVENUE - LATCHMAN SAND ROAD,CHRIS A VENUE - LATCHMAN SAND ROAD,True,GECOM Register of Voters for LGE 2023,https://gecom.org.gy/public/assets/docs/lists/2023%20-%20Register%20of%20Voters%20for%20LGE%202023/D04/4.03-SOESDYKE:HUIST%20COVERDEN.pdf
4,Demerara-Mahaica,4.03,SOESDYKE/HUIST COVERDEN,NDC,7,FARM TRACK - CHRIS AVENUE,FARM TRACK - CHRIS A VENUE,True,GECOM Register of Voters for LGE 2023,https://gecom.org.gy/public/assets/docs/lists/2023%20-%20Register%20of%20Voters%20for%20LGE%202023/D04/4.03-SOESDYKE:HUIST%20COVERDEN.pdf
4,Demerara-Mahaica,4.03,SOESDYKE/HUIST COVERDEN,NDC,8,HUIST’ COVERDEN,HUIS T’ COVERDEN,True,GECOM Register of Voters for LGE 2023,https://gecom.org.gy/public/assets/docs/lists/2023%20-%20Register%20of%20Voters%20for%20LGE%202023/D04/4.03-SOESDYKE:HUIST%20COVERDEN.pdf
4,Demerara-Mahaica,4.03,SOESDYKE/HUIST COVERDEN,NDC,9,DEN HEUVEL,DEN HEUVEL,False,GECOM Register of Voters for LGE 2023,https://gecom.org.gy/public/assets/docs/lists/2023%20-%20Register%20of%20Voters%20for%20LGE%202023/D04/4.03-SOESDYKE:HUIST%20COVERDEN.pdf
4,Demerara-Mahaica,4.04,GOOD SUCCESS/CALEDONIA,NDC,1,SARAH JOANNAH/CALEDONIA,SARAH JOANNAH/CALEDONIA,False,GECOM Register of Voters for LGE 2023,https://gecom.org.gy/public/assets/docs/lists/2023%20-%20Register%20of%20Voters%20for%20LGE%202023/D04/4.04-GOOD%20SUCCESS:CALEDONIA.pdf
4,Demerara-Mahaica,4.04,GOOD SUCCESS/CALEDONIA,NDC,2,LAND OF CANAAN,LAND OF CANAAN,False,GECOM Register of Voters for LGE 2023,https://gecom.org.gy/public/assets/docs/lists/2023%20-%20Register%20of%20Voters%20for%20LGE%202023/D04/4.04-GOOD%20SUCCESS:CALEDONIA.pdf
4,Demerara-Mahaica,4.04,GOOD SUCCESS/CALEDONIA,NDC,3,RELIEF - BRICKERY,RELIEF - BRICKERY,False,GECOM Register of Voters for LGE 2023,https://gecom.org.gy/public/assets/docs/lists/2023%20-%20Register%20of%20Voters%20for%20LGE%202023/D04/4.04-GOOD%20SUCCESS:CALEDONIA.pdf
4,Demerara-Mahaica,4.04,GOOD SUCCESS/CALEDONIA,NDC,4,GARDEN OF EDEN,GARDEN OF EDEN,False,GECOM Register of Voters for LGE 2023,https://gecom.org.gy/public/assets/docs/lists/2023%20-%20Register%20of%20Voters%20for%20LGE%202023/D04/4.04-GOOD%20SUCCESS:CALEDONIA.pdf
4,Demerara-Mahaica,4.04,GOOD SUCCESS/CALEDONIA,NDC,5,FRIENDSHIP [SOUTH],FRIENDSHIP [SOUTH],False,GECOM Register of Voters for LGE 2023,https://gecom.org.gy/public/assets/docs/lists/2023%20-%20Register%20of%20Voters%20for%20LGE%202023/D04/4.04-GOOD%20SUCCESS:CALEDONIA.pdf
4,Demerara-Mahaica,4.04,GOOD SUCCESS/CALEDONIA,NDC,6,FRIENDSHIP [NORTH],FRIENDSHIP [NORTH],False,GECOM Register of Voters for LGE 2023,https://gecom.org.gy/public/assets/docs/lists/2023%20-%20Register%20of%20Voters%20for%20LGE%202023/D04/4.04-GOOD%20SUCCESS:CALEDONIA.pdf
4,Demerara-Mahaica,4.04,GOOD SUCCESS/CALEDONIA,NDC,7,NEW HOPE,NEW HOPE,False,GECOM Register of Voters for LGE 2023,https://gecom.org.gy/public/assets/docs/lists/2023%20-%20Register%20of%20Voters%20for%20LGE%202023/D04/4.04-GOOD%20SUCCESS:CALEDONIA.pdf
4,Demerara-Mahaica,4.04,GOOD SUCCESS/CALEDONIA,NDC,8,CRAIG,CRAIG,False,GECOM Register of Voters for LGE 2023,https://gecom.org.gy/public/assets/docs/lists/2023%20-%20Register%20of%20Voters%20for%20LGE%202023/D04/4.04-GOOD%20SUCCESS:CALEDONIA.pdf
4,Demerara-Mahaica,4.04,GOOD SUCCESS/CALEDONIA,NDC,9,GOOD SUCCESS,GOOD SUCCESS,False,GECOM Register of Voters for LGE 2023,https://gecom.org.gy/public/assets/docs/lists/2023%20-%20Register%20of%20Voters%20for%20LGE%202023/D04/4.04-GOOD%20SUCCESS:CALEDONIA.pdf
4,Demerara-Mahaica,4.05,HERSTELLING/ LITTLE DIAMOND,NDC,1,HERSTELLING (NORTH - EAST),HERSTELLING (NORTH-EAST),True,GECOM Register of Voters for LGE 2023,https://gecom.org.gy/public/assets/docs/lists/2023%20-%20Register%20of%20Voters%20for%20LGE%202023/D04/4.05-HERSTELLING:%20LITTLE%20DIAMOND.pdf
4,Demerara-Mahaica,4.05,HERSTELLING/ LITTLE DIAMOND,NDC,2,HERSTELLING [NORTH WEST],HERSTELLING [NORTH WEST],False,GECOM Register of Voters for LGE 2023,https://gecom.org.gy/public/assets/docs/lists/2023%20-%20Register%20of%20Voters%20for%20LGE%202023/D04/4.05-HERSTELLING:%20LITTLE%20DIAMOND.pdf
4,Demerara-Mahaica,4.05,HERSTELLING/ LITTLE DIAMOND,NDC,3,HERSTELLING [SOUTH],HERSTELLING [SOUTH],False,GECOM Register of Voters for LGE 2023,https://gecom.org.gy/public/assets/docs/lists/2023%20-%20Register%20of%20Voters%20for%20LGE%202023/D04/4.05-HERSTELLING:%20LITTLE%20DIAMOND.pdf
4,Demerara-Mahaica,4.05,HERSTELLING/ LITTLE DIAMOND,NDC,4,FARM,FARM,False,GECOM Register of Voters for LGE 2023,https://gecom.org.gy/public/assets/docs/lists/2023%20-%20Register%20of%20Voters%20for%20LGE%202023/D04/4.05-HERSTELLING:%20LITTLE%20DIAMOND.pdf
4,Demerara-Mahaica,4.05,HERSTELLING/ LITTLE DIAMOND,NDC,5,COVENT GARDEN,COVENT GARDEN,False,GECOM Register of Voters for LGE 2023,https://gecom.org.gy/public/assets/docs/lists/2023%20-%20Register%20of%20Voters%20for%20LGE%202023/D04/4.05-HERSTELLING:%20LITTLE%20DIAMOND.pdf
4,Demerara-Mahaica,4.05,HERSTELLING/ LITTLE DIAMOND,NDC,6,PROSPECT [EAST],PROSPECT [EAST],False,GECOM Register of Voters for LGE 2023,https://gecom.org.gy/public/assets/docs/lists/2023%20-%20Register%20of%20Voters%20for%20LGE%202023/D04/4.05-HERSTELLING:%20LITTLE%20DIAMOND.pdf
4,Demerara-Mahaica,4.05,HERSTELLING/ LITTLE DIAMOND,NDC,7,PROSPECT [WEST],PROSPECT [WEST],False,GECOM Register of Voters for LGE 2023,https://gecom.org.gy/public/assets/docs/lists/2023%20-%20Register%20of%20Voters%20for%20LGE%202023/D04/4.05-HERSTELLING:%20LITTLE%20DIAMOND.pdf
4,Demerara-Mahaica,4.05,HERSTELLING/ LITTLE DIAMOND,NDC,8,LITTLE DIAMOND [WEST],LITTLE DIAMOND [WEST],False,GECOM Register of Voters for LGE 2023,https://gecom.org.gy/public/assets/docs/lists/2023%20-%20Register%20of%20Voters%20for%20LGE%202023/D04/4.05-HERSTELLING:%20LITTLE%20DIAMOND.pdf
4,Demerara-Mahaica,4.05,HERSTELLING/ LITTLE DIAMOND,NDC,9,LITTLE DIAMOND [EAST],LITTLE DIAMOND [EAST],False,GECOM Register of Voters for LGE 2023,https://gecom.org.gy/public/assets/docs/lists/2023%20-%20Register%20of%20Voters%20for%20LGE%202023/D04/4.05-HERSTELLING:%20LITTLE%20DIAMOND.pdf
4,Demerara-Mahaica,4.06,MOCHA/ARCADIA,NDC,1,MOCHA [EAST] - BARNWELL,MOCHA [EAST] - BARNWELL,False,GECOM Register of Voters for LGE 2023,https://gecom.org.gy/public/assets/docs/lists/2023%20-%20Register%20of%20Voters%20for%20LGE%202023/D04/4.06-MOCHA:ARCADIA.pdf
4,Demerara-Mahaica,4.06,MOCHA/ARCADIA,NDC,2,MOCHA CENTRAL,MOCHA CENTRAL,False,GECOM Register of Voters for LGE 2023,https://gecom.org.gy/public/assets/docs/lists/2023%20-%20Register%20of%20Voters%20for%20LGE%202023/D04/4.06-MOCHA:ARCADIA.pdf
4,Demerara-Mahaica,4.06,MOCHA/ARCADIA,NDC,3,MOCHA WEST,MOCHA WEST,False,GECOM Register of Voters for LGE 2023,https://gecom.org.gy/public/assets/docs/lists/2023%20-%20Register%20of%20Voters%20for%20LGE%202023/D04/4.06-MOCHA:ARCADIA.pdf
4,Demerara-Mahaica,4.06,MOCHA/ARCADIA,NDC,4,ARCADIA EAST,ARCADIA EAST,False,GECOM Register of Voters for LGE 2023,https://gecom.org.gy/public/assets/docs/lists/2023%20-%20Register%20of%20Voters%20for%20LGE%202023/D04/4.06-MOCHA:ARCADIA.pdf
4,Demerara-Mahaica,4.06,MOCHA/ARCADIA,NDC,5,ARCADIA NORTH WEST,ARCADIA NORTH WEST,False,GECOM Register of Voters for LGE 2023,https://gecom.org.gy/public/assets/docs/lists/2023%20-%20Register%20of%20Voters%20for%20LGE%202023/D04/4.06-MOCHA:ARCADIA.pdf
4,Demerara-Mahaica,4.06,MOCHA/ARCADIA,NDC,6,ARCADIA SOUTH WEST,ARCADIA SOUTH WEST,False,GECOM Register of Voters for LGE 2023,https://gecom.org.gy/public/assets/docs/lists/2023%20-%20Register%20of%20Voters%20for%20LGE%202023/D04/4.06-MOCHA:ARCADIA.pdf
4,Demerara-Mahaica,4.07,DIAMOND PLACE/GOLDEN GROVE,NDC,1,DIAMOND [WEST],DIAMOND [WEST],False,GECOM Register of Voters for LGE 2023,https://gecom.org.gy/public/assets/docs/lists/2023%20-%20Register%20of%20Voters%20for%20LGE%202023/D04/4.07-DIAMOND%20PLACE:GOLDEN%20GROVE.pdf
4,Demerara-Mahaica,4.07,DIAMOND PLACE/GOLDEN GROVE,NDC,2,DIAMOND CENTRAL,DIAMOND CENTRAL,False,GECOM Register of Voters for LGE 2023,https://gecom.org.gy/public/assets/docs/lists/2023%20-%20Register%20of%20Voters%20for%20LGE%202023/D04/4.07-DIAMOND%20PLACE:GOLDEN%20GROVE.pdf
4,Demerara-Mahaica,4.07,DIAMOND PLACE/GOLDEN GROVE,NDC,3,DIAMOND [EAST],DIAMOND [EAST],False,GECOM Register of Voters for LGE 2023,https://gecom.org.gy/public/assets/docs/lists/2023%20-%20Register%20of%20Voters%20for%20LGE%202023/D04/4.07-DIAMOND%20PLACE:GOLDEN%20GROVE.pdf
4,Demerara-Mahaica,4.07,DIAMOND PLACE/GOLDEN GROVE,NDC,4,GOLDEN GROVE [WEST],GOLDEN GROVE [WEST],False,GECOM Register of Voters for LGE 2023,https://gecom.org.gy/public/assets/docs/lists/2023%20-%20Register%20of%20Voters%20for%20LGE%202023/D04/4.07-DIAMOND%20PLACE:GOLDEN%20GROVE.pdf
4,Demerara-Mahaica,4.07,DIAMOND PLACE/GOLDEN GROVE,NDC,5,GOLDEN GROVE SQUATTING AREA,GOLDEN GROVE SQUATTING AREA,False,GECOM Register of Voters for LGE 2023,https://gecom.org.gy/public/assets/docs/lists/2023%20-%20Register%20of%20Voters%20for%20LGE%202023/D04/4.07-DIAMOND%20PLACE:GOLDEN%20GROVE.pdf
4,Demerara-Mahaica,4.07,DIAMOND PLACE/GOLDEN GROVE,NDC,6,GOLDEN GROVE NEW HOUSING SCHEME,GOLDEN GROVE NEW HOUSING SCHEME,False,GECOM Register of Voters for LGE 2023,https://gecom.org.gy/public/assets/docs/lists/2023%20-%20Register%20of%20Voters%20for%20LGE%202023/D04/4.07-DIAMOND%20PLACE:GOLDEN%20GROVE.pdf
4,Demerara-Mahaica,4.07,DIAMOND PLACE/GOLDEN GROVE,NDC,7,KANEVILLE,KANEVILLE,False,GECOM Register of Voters for LGE 2023,https://gecom.org.gy/public/assets/docs/lists/2023%20-%20Register%20of%20Voters%20for%20LGE%202023/D04/4.07-DIAMOND%20PLACE:GOLDEN%20GROVE.pdf
4,Demerara-Mahaica,4.07,DIAMOND PLACE/GOLDEN GROVE,NDC,8,SAMATTA POINT,SAMATTA POINT,False,GECOM Register of Voters for LGE 2023,https://gecom.org.gy/public/assets/docs/lists/2023%20-%20Register%20of%20Voters%20for%20LGE%202023/D04/4.07-DIAMOND%20PLACE:GOLDEN%20GROVE.pdf
4,Demerara-Mahaica,4.07,DIAMOND PLACE/GOLDEN GROVE,NDC,9,GOLDEN GROVE OLD HOUSING SCHEME,GOLDEN GROVE OLD HOUSING SCHEME,False,GECOM Register of Voters for LGE 2023,https://gecom.org.gy/public/assets/docs/lists/2023%20-%20Register%20of%20Voters%20for%20LGE%202023/D04/4.07-DIAMOND%20PLACE:GOLDEN%20GROVE.pdf
4,Demerara-Mahaica,4.08,ECCLES/RAMSBURG,NDC,1,PROVIDENCE AND RAMSBURG,PROVIDENCE AND RAMSBURG,False,GECOM Register of Voters for LGE 2023,https://gecom.org.gy/public/assets/docs/lists/2023%20-%20Register%20of%20Voters%20for%20LGE%202023/D04/4.08-ECCLES:RAMSBURG.pdf
4,Demerara-Mahaica,4.08,ECCLES/RAMSBURG,NDC,2,PETER’S HALL [NORTH],PETER’S HALL [NORTH],False,GECOM Register of Voters for LGE 2023,https://gecom.org.gy/public/assets/docs/lists/2023%20-%20Register%20of%20Voters%20for%20LGE%202023/D04/4.08-ECCLES:RAMSBURG.pdf
4,Demerara-Mahaica,4.08,ECCLES/RAMSBURG,NDC,3,REPUBLIC PARK,REPUBLIC PARK,False,GECOM Register of Voters for LGE 2023,https://gecom.org.gy/public/assets/docs/lists/2023%20-%20Register%20of%20Voters%20for%20LGE%202023/D04/4.08-ECCLES:RAMSBURG.pdf
4,Demerara-Mahaica,4.08,ECCLES/RAMSBURG,NDC,4,NANDY PARK,NANDY PARK,False,GECOM Register of Voters for LGE 2023,https://gecom.org.gy/public/assets/docs/lists/2023%20-%20Register%20of%20Voters%20for%20LGE%202023/D04/4.08-ECCLES:RAMSBURG.pdf
4,Demerara-Mahaica,4.08,ECCLES/RAMSBURG,NDC,5,PETER’S HALL [SOUTH - WEST],PETER’S HALL [SOUTH-WEST],True,GECOM Register of Voters for LGE 2023,https://gecom.org.gy/public/assets/docs/lists/2023%20-%20Register%20of%20Voters%20for%20LGE%202023/D04/4.08-ECCLES:RAMSBURG.pdf
4,Demerara-Mahaica,4.08,ECCLES/RAMSBURG,NDC,6,OLD ECCLES - WEST,OLD ECCLES- WEST,True,GECOM Register of Voters for LGE 2023,https://gecom.org.gy/public/assets/docs/lists/2023%20-%20Register%20of%20Voters%20for%20LGE%202023/D04/4.08-ECCLES:RAMSBURG.pdf
4,Demerara-Mahaica,4.08,ECCLES/RAMSBURG,NDC,7,ECCLES NEW HOUSIING SCHEME [EAST],ECCLES NEW HOUSIING SCHEME [EAST],False,GECOM Register of Voters for LGE 2023,https://gecom.org.gy/public/assets/docs/lists/2023%20-%20Register%20of%20Voters%20for%20LGE%202023/D04/4.08-ECCLES:RAMSBURG.pdf
4,Demerara-Mahaica,4.08,ECCLES/RAMSBURG,NDC,8,ECCLES NEW SCHEME [CENTRAL],ECCLES NEW SCHEME [CENTRAL],False,GECOM Register of Voters for LGE 2023,https://gecom.org.gy/public/assets/docs/lists/2023%20-%20Register%20of%20Voters%20for%20LGE%202023/D04/4.08-ECCLES:RAMSBURG.pdf
4,Demerara-Mahaica,4.08,ECCLES/RAMSBURG,NDC,9,ECCLES NEW SCHEME [WEST],ECCLES NEW SCHEME [WEST],False,GECOM Register of Voters for LGE 2023,https://gecom.org.gy/public/assets/docs/lists/2023%20-%20Register%20of%20Voters%20for%20LGE%202023/D04/4.08-ECCLES:RAMSBURG.pdf
4,Demerara-Mahaica,4.09,MUNICIPALITY OF GEORGETOWN,MUNICIPALITY,1,"KINGSTON EAST & WEST, THOMAS LANDS, NON PAREIL PARK, CUMMINGSBURG, ALBERTTOWN & QUEENSTOWN","KINGSTON EAST & WEST, THOMAS LANDS, NON PARIEL PARK, CUMMINGSBURG, ALBERTTOWN & QUEENSTOWN",True,GECOM Register of Voters for LGE 2023,https://gecom.org.gy/public/assets/docs/lists/2023%20-%20Register%20of%20Voters%20for%20LGE%202023/D04/4.09-MUNICIPALITY%20OF%20GEORGETOWN.pdf
4,Demerara-Mahaica,4.09,MUNICIPALITY OF GEORGETOWN,MUNICIPALITY,2,"KITTY NORTH, CENTRAL & SOUTH & SUBRYANVILLE","KITTY NORTH, CENTRAL & SOUTH & SUBRYANVILLE",False,GECOM Register of Voters for LGE 2023,https://gecom.org.gy/public/assets/docs/lists/2023%20-%20Register%20of%20Voters%20for%20LGE%202023/D04/4.09-MUNICIPALITY%20OF%20GEORGETOWN.pdf
4,Demerara-Mahaica,4.09,MUNICIPALITY OF GEORGETOWN,MUNICIPALITY,3,"BELAIR GARDENS, BEL AIR SPRINGS, PRASHAD NAGAR, NORTH EAST & NORTH WEST CAMPBELLVILLE","BELAIR GARDENS, BEL AIR SPRINGS, PRASHAD NAGAR, NORTH EAST & NORTH WEST CAMPBELLVILLE",False,GECOM Register of Voters for LGE 2023,https://gecom.org.gy/public/assets/docs/lists/2023%20-%20Register%20of%20Voters%20for%20LGE%202023/D04/4.09-MUNICIPALITY%20OF%20GEORGETOWN.pdf
4,Demerara-Mahaica,4.09,MUNICIPALITY OF GEORGETOWN,MUNICIPALITY,4,"LAMAHA GARDENS, NEWTOWN CAMPBELLVILLE, SECTION K CAMPBELLVILLE & BEL AIR PARK","LAMAHA GARDENS, NEWTOWN CAMPBELLVILLE, SECTION K CAMPBELLVILLE & BEL AIR PARK",False,GECOM Register of Voters for LGE 2023,https://gecom.org.gy/public/assets/docs/lists/2023%20-%20Register%20of%20Voters%20for%20LGE%202023/D04/4.09-MUNICIPALITY%20OF%20GEORGETOWN.pdf
4,Demerara-Mahaica,4.09,MUNICIPALITY OF GEORGETOWN,MUNICIPALITY,5,"SOPHIA / LILIENDAAL NORTH & SOUTH, PATTENSEN / TURKEYEN NORTH & SOUTH TURKEYEN CENTRAL & SOPHIA / PATTENSEN (CENTRAL)","SOPHIA / LILIENDAAL NORTH & SOUTH, PATTENSEN / TURKEYEN NORTH & SOUTH TURKEYEN CENTRAL & SOPHIA / PATTENSEN (CENTRAL)",False,GECOM Register of Voters for LGE 2023,https://gecom.org.gy/public/assets/docs/lists/2023%20-%20Register%20of%20Voters%20for%20LGE%202023/D04/4.09-MUNICIPALITY%20OF%20GEORGETOWN.pdf
4,Demerara-Mahaica,4.09,MUNICIPALITY OF GEORGETOWN,MUNICIPALITY,6,"CUMMINGS LODGE NORTH, CENTRAL & SOUTH, PATTENSEN /TURKEYEN SOUTH","CUMMINGS LODGE NORTH, CENTRAL & SOUTH, PATTENSEN /TURKEYEN SOUTH",False,GECOM Register of Voters for LGE 2023,https://gecom.org.gy/public/assets/docs/lists/2023%20-%20Register%20of%20Voters%20for%20LGE%202023/D04/4.09-MUNICIPALITY%20OF%20GEORGETOWN.pdf
4,Demerara-Mahaica,4.09,MUNICIPALITY OF GEORGETOWN,MUNICIPALITY,7,BOURDA - STABROEK CENTRAL - LACYTOWN,BOURDA - STABROEK CENTRAL - LACYTOWN,False,GECOM Register of Voters for LGE 2023,https://gecom.org.gy/public/assets/docs/lists/2023%20-%20Register%20of%20Voters%20for%20LGE%202023/D04/4.09-MUNICIPALITY%20OF%20GEORGETOWN.pdf
4,Demerara-Mahaica,4.09,MUNICIPALITY OF GEORGETOWN,MUNICIPALITY,8,STABROEK - WORTMANVILLE - WERK - EN - RUST,STABROEK - WORTMANVILLE -WERK-EN-RUST,True,GECOM Register of Voters for LGE 2023,https://gecom.org.gy/public/assets/docs/lists/2023%20-%20Register%20of%20Voters%20for%20LGE%202023/D04/4.09-MUNICIPALITY%20OF%20GEORGETOWN.pdf
4,Demerara-Mahaica,4.09,MUNICIPALITY OF GEORGETOWN,MUNICIPALITY,9,LODGE NORTH - MEADOW BROOK GARDENS,LODGE NORTH -MEADOW BROOK GARDENS,True,GECOM Register of Voters for LGE 2023,https://gecom.org.gy/public/assets/docs/lists/2023%20-%20Register%20of%20Voters%20for%20LGE%202023/D04/4.09-MUNICIPALITY%20OF%20GEORGETOWN.pdf
4,Demerara-Mahaica,4.09,MUNICIPALITY OF GEORGETOWN,MUNICIPALITY,10,ALBOUYSTOWN - CHARLESTOWN,ALBOUYSTOWN -CHARLESTOWN,True,GECOM Register of Voters for LGE 2023,https://gecom.org.gy/public/assets/docs/lists/2023%20-%20Register%20of%20Voters%20for%20LGE%202023/D04/4.09-MUNICIPALITY%20OF%20GEORGETOWN.pdf
4,Demerara-Mahaica,4.09,MUNICIPALITY OF GEORGETOWN,MUNICIPALITY,11,EAST LA - PENITANCE - RIVER VIEW,EAST LA-PENITANCE- RIVER VIEW,True,GECOM Register of Voters for LGE 2023,https://gecom.org.gy/public/assets/docs/lists/2023%20-%20Register%20of%20Voters%20for%20LGE%202023/D04/4.09-MUNICIPALITY%20OF%20GEORGETOWN.pdf
4,Demerara-Mahaica,4.09,MUNICIPALITY OF GEORGETOWN,MUNICIPALITY,12,TUCVILLE - NORTH RUIMVELDT,TUCVILLE - NORTH RUIMVELDT,False,GECOM Register of Voters for LGE 2023,https://gecom.org.gy/public/assets/docs/lists/2023%20-%20Register%20of%20Voters%20for%20LGE%202023/D04/4.09-MUNICIPALITY%20OF%20GEORGETOWN.pdf
4,Demerara-Mahaica,4.09,MUNICIPALITY OF GEORGETOWN,MUNICIPALITY,13,WEST AND EAST RUIMVELDT,WEST AND EAST RUIMVELDT,False,GECOM Register of Voters for LGE 2023,https://gecom.org.gy/public/assets/docs/lists/2023%20-%20Register%20of%20Voters%20for%20LGE%202023/D04/4.09-MUNICIPALITY%20OF%20GEORGETOWN.pdf
4,Demerara-Mahaica,4.09,MUNICIPALITY OF GEORGETOWN,MUNICIPALITY,14,SOUTH RUIMVELDT PARK/RUIMVELDT INDUSTRIAL ESTATE,SOUTH RUIMVELDT PARK/RUIMVELDT INDUSTRIAL ESTATE,False,GECOM Register of Voters for LGE 2023,https://gecom.org.gy/public/assets/docs/lists/2023%20-%20Register%20of%20Voters%20for%20LGE%202023/D04/4.09-MUNICIPALITY%20OF%20GEORGETOWN.pdf
4,Demerara-Mahaica,4.09,MUNICIPALITY OF GEORGETOWN,MUNICIPALITY,15,MEADOW BANK - AGRICOLA,MEADOW BANK -AGRICOLA,True,GECOM Register of Voters for LGE 2023,https://gecom.org.gy/public/assets/docs/lists/2023%20-%20Register%20of%20Voters%20for%20LGE%202023/D04/4.09-MUNICIPALITY%20OF%20GEORGETOWN.pdf
4,Demerara-Mahaica,4.10,INDUSTRY/PLAISANCE,NDC,1,INDUSTRY NORTH,INDUSTRY NORTH,False,GECOM Register of Voters for LGE 2023,https://gecom.org.gy/public/assets/docs/lists/2023%20-%20Register%20of%20Voters%20for%20LGE%202023/D04/4.10-INDUSTRY:PLAISANCE.pdf
4,Demerara-Mahaica,4.10,INDUSTRY/PLAISANCE,NDC,2,INDUSTRY SOUTH,INDUSTRY SOUTH,False,GECOM Register of Voters for LGE 2023,https://gecom.org.gy/public/assets/docs/lists/2023%20-%20Register%20of%20Voters%20for%20LGE%202023/D04/4.10-INDUSTRY:PLAISANCE.pdf
4,Demerara-Mahaica,4.10,INDUSTRY/PLAISANCE,NDC,3,OGLE NORTH,OGLE NORTH,False,GECOM Register of Voters for LGE 2023,https://gecom.org.gy/public/assets/docs/lists/2023%20-%20Register%20of%20Voters%20for%20LGE%202023/D04/4.10-INDUSTRY:PLAISANCE.pdf
4,Demerara-Mahaica,4.10,INDUSTRY/PLAISANCE,NDC,4,OGLE SOUTH,OGLE SOUTH,False,GECOM Register of Voters for LGE 2023,https://gecom.org.gy/public/assets/docs/lists/2023%20-%20Register%20of%20Voters%20for%20LGE%202023/D04/4.10-INDUSTRY:PLAISANCE.pdf
4,Demerara-Mahaica,4.10,INDUSTRY/PLAISANCE,NDC,5,GOEDVERWAGTING - SPARENDAAM NORTH,GOEDVERWAGTING - SPARENDAAM NORTH,False,GECOM Register of Voters for LGE 2023,https://gecom.org.gy/public/assets/docs/lists/2023%20-%20Register%20of%20Voters%20for%20LGE%202023/D04/4.10-INDUSTRY:PLAISANCE.pdf
4,Demerara-Mahaica,4.10,INDUSTRY/PLAISANCE,NDC,6,GOEDVERWAGTING SOUTH,GOEDVERWAGTING SOUTH,False,GECOM Register of Voters for LGE 2023,https://gecom.org.gy/public/assets/docs/lists/2023%20-%20Register%20of%20Voters%20for%20LGE%202023/D04/4.10-INDUSTRY:PLAISANCE.pdf
4,Demerara-Mahaica,4.10,INDUSTRY/PLAISANCE,NDC,7,PLAISANCE NORTH,PLAISANCE NORTH,False,GECOM Register of Voters for LGE 2023,https://gecom.org.gy/public/assets/docs/lists/2023%20-%20Register%20of%20Voters%20for%20LGE%202023/D04/4.10-INDUSTRY:PLAISANCE.pdf
4,Demerara-Mahaica,4.10,INDUSTRY/PLAISANCE,NDC,8,PLAISANCE SOUTH,PLAISANCE SOUTH,False,GECOM Register of Voters for LGE 2023,https://gecom.org.gy/public/assets/docs/lists/2023%20-%20Register%20of%20Voters%20for%20LGE%202023/D04/4.10-INDUSTRY:PLAISANCE.pdf
4,Demerara-Mahaica,4.10,INDUSTRY/PLAISANCE,NDC,9,SPARENDAAM (SOUTH),SPARENDAAM (SOUTH),False,GECOM Register of Voters for LGE 2023,https://gecom.org.gy/public/assets/docs/lists/2023%20-%20Register%20of%20Voters%20for%20LGE%202023/D04/4.10-INDUSTRY:PLAISANCE.pdf
4,Demerara-Mahaica,4.11,BETTER HOPE/LA BONNE INTENTION,NDC,1,BETTERHOPE & VRYHEID'S LUST (NORTH),BETTERHOPE & VRYHEID'S LUST (NORTH),False,GECOM Register of Voters for LGE 2023,https://gecom.org.gy/public/assets/docs/lists/2023%20-%20Register%20of%20Voters%20for%20LGE%202023/D04/4.11-BETTER%20HOPE:LA%20BONNE%20INTENTION.pdf
4,Demerara-Mahaica,4.11,BETTER HOPE/LA BONNE INTENTION,NDC,2,BROTHERS - MONTROSE,BROTHERS - MONTROSE,False,GECOM Register of Voters for LGE 2023,https://gecom.org.gy/public/assets/docs/lists/2023%20-%20Register%20of%20Voters%20for%20LGE%202023/D04/4.11-BETTER%20HOPE:LA%20BONNE%20INTENTION.pdf
4,Demerara-Mahaica,4.11,BETTER HOPE/LA BONNE INTENTION,NDC,3,BETTERHOPE & VRYHEID'S LUST (CENTRAL),BETTERHOPE & VRYHEID'S LUST (CENTRAL),False,GECOM Register of Voters for LGE 2023,https://gecom.org.gy/public/assets/docs/lists/2023%20-%20Register%20of%20Voters%20for%20LGE%202023/D04/4.11-BETTER%20HOPE:LA%20BONNE%20INTENTION.pdf
4,Demerara-Mahaica,4.11,BETTER HOPE/LA BONNE INTENTION,NDC,4,BETTERHOPE (SOUTH),BETTERHOPE (SOUTH),False,GECOM Register of Voters for LGE 2023,https://gecom.org.gy/public/assets/docs/lists/2023%20-%20Register%20of%20Voters%20for%20LGE%202023/D04/4.11-BETTER%20HOPE:LA%20BONNE%20INTENTION.pdf
4,Demerara-Mahaica,4.11,BETTER HOPE/LA BONNE INTENTION,NDC,5,VRYHEID'S LUST (SOUTH),VRYHEID'S LUST (SOUTH),False,GECOM Register of Voters for LGE 2023,https://gecom.org.gy/public/assets/docs/lists/2023%20-%20Register%20of%20Voters%20for%20LGE%202023/D04/4.11-BETTER%20HOPE:LA%20BONNE%20INTENTION.pdf
4,Demerara-Mahaica,4.11,BETTER HOPE/LA BONNE INTENTION,NDC,6,FELICITY - LA RESSOUVENIR,FELICITY - LA RESSOUVENIR,False,GECOM Register of Voters for LGE 2023,https://gecom.org.gy/public/assets/docs/lists/2023%20-%20Register%20of%20Voters%20for%20LGE%202023/D04/4.11-BETTER%20HOPE:LA%20BONNE%20INTENTION.pdf
4,Demerara-Mahaica,4.11,BETTER HOPE/LA BONNE INTENTION,NDC,7,SUCCESS - CHATEAU MARGOT – LA BONNE INTENTION (NORTH),SUCCESS - CHATEAU MARGOT – LA BONNE INTENTION (NORTH),False,GECOM Register of Voters for LGE 2023,https://gecom.org.gy/public/assets/docs/lists/2023%20-%20Register%20of%20Voters%20for%20LGE%202023/D04/4.11-BETTER%20HOPE:LA%20BONNE%20INTENTION.pdf
4,Demerara-Mahaica,4.11,BETTER HOPE/LA BONNE INTENTION,NDC,8,SUCCESS - CHATEAU MARGOT (SOUTH),SUCCESS - CHATEAU MARGOT (SOUTH),False,GECOM Register of Voters for LGE 2023,https://gecom.org.gy/public/assets/docs/lists/2023%20-%20Register%20of%20Voters%20for%20LGE%202023/D04/4.11-BETTER%20HOPE:LA%20BONNE%20INTENTION.pdf
4,Demerara-Mahaica,4.11,BETTER HOPE/LA BONNE INTENTION,NDC,9,LA BONNE INTENTION (SOUTH),LA BONNE INTENTION (SOUTH),False,GECOM Register of Voters for LGE 2023,https://gecom.org.gy/public/assets/docs/lists/2023%20-%20Register%20of%20Voters%20for%20LGE%202023/D04/4.11-BETTER%20HOPE:LA%20BONNE%20INTENTION.pdf
4,Demerara-Mahaica,4.12,BETERVERWAGTING/TRIUMPH,NDC,1,BETERVERWAGTING NORTH (E ½),BETERVERWAGTING NORTH (E ½),False,GECOM Register of Voters for LGE 2023,https://gecom.org.gy/public/assets/docs/lists/2023%20-%20Register%20of%20Voters%20for%20LGE%202023/D04/4.12-BETERVERWAGTING:TRIUMPH.pdf
4,Demerara-Mahaica,4.12,BETERVERWAGTING/TRIUMPH,NDC,2,BETERVERWAGTING SOUTH (W ½),BETERVERWAGTING SOUTH (W ½),False,GECOM Register of Voters for LGE 2023,https://gecom.org.gy/public/assets/docs/lists/2023%20-%20Register%20of%20Voters%20for%20LGE%202023/D04/4.12-BETERVERWAGTING:TRIUMPH.pdf
4,Demerara-Mahaica,4.12,BETERVERWAGTING/TRIUMPH,NDC,3,BETERVERWAGTING SOUTH (E ½),BETERVERWAGTING SOUTH (E ½),False,GECOM Register of Voters for LGE 2023,https://gecom.org.gy/public/assets/docs/lists/2023%20-%20Register%20of%20Voters%20for%20LGE%202023/D04/4.12-BETERVERWAGTING:TRIUMPH.pdf
4,Demerara-Mahaica,4.12,BETERVERWAGTING/TRIUMPH,NDC,4,TRIUMPH (NORTH),TRIUMPH (NORTH),False,GECOM Register of Voters for LGE 2023,https://gecom.org.gy/public/assets/docs/lists/2023%20-%20Register%20of%20Voters%20for%20LGE%202023/D04/4.12-BETERVERWAGTING:TRIUMPH.pdf
4,Demerara-Mahaica,4.12,BETERVERWAGTING/TRIUMPH,NDC,5,TRIUMPH (UPPER SOUTH),TRIUMPH (UPPER SOUTH),False,GECOM Register of Voters for LGE 2023,https://gecom.org.gy/public/assets/docs/lists/2023%20-%20Register%20of%20Voters%20for%20LGE%202023/D04/4.12-BETERVERWAGTING:TRIUMPH.pdf
4,Demerara-Mahaica,4.12,BETERVERWAGTING/TRIUMPH,NDC,6,TRIUMPH MIDDLE (SOUTH),TRIUMPH MIDDLE (SOUTH),False,GECOM Register of Voters for LGE 2023,https://gecom.org.gy/public/assets/docs/lists/2023%20-%20Register%20of%20Voters%20for%20LGE%202023/D04/4.12-BETERVERWAGTING:TRIUMPH.pdf
4,Demerara-Mahaica,4.12,BETERVERWAGTING/TRIUMPH,NDC,7,BETERVERWAGTING NORTH (W ½),BETERVERWAGTING NORTH (W ½),False,GECOM Register of Voters for LGE 2023,https://gecom.org.gy/public/assets/docs/lists/2023%20-%20Register%20of%20Voters%20for%20LGE%202023/D04/4.12-BETERVERWAGTING:TRIUMPH.pdf
4,Demerara-Mahaica,4.12,BETERVERWAGTING/TRIUMPH,NDC,8,TRIUMPH LOWER SOUTH (W ½),TRIUMPH LOWER SOUTH (W ½),False,GECOM Register of Voters for LGE 2023,https://gecom.org.gy/public/assets/docs/lists/2023%20-%20Register%20of%20Voters%20for%20LGE%202023/D04/4.12-BETERVERWAGTING:TRIUMPH.pdf
4,Demerara-Mahaica,4.12,BETERVERWAGTING/TRIUMPH,NDC,9,TRIUMPH LOWER SOUTH (E ½),TRIUMPH LOWER SOUTH (E ½),False,GECOM Register of Voters for LGE 2023,https://gecom.org.gy/public/assets/docs/lists/2023%20-%20Register%20of%20Voters%20for%20LGE%202023/D04/4.12-BETERVERWAGTING:TRIUMPH.pdf
4,Demerara-Mahaica,4.13,MON REPOS/LA RECONNAISSANCE,NDC,1,MON REPOS NORTH&MONREPOS CENTRAL (E ½),MON REPOS NORTH&MONREPOS CENTRAL (E ½),False,GECOM Register of Voters for LGE 2023,https://gecom.org.gy/public/assets/docs/lists/2023%20-%20Register%20of%20Voters%20for%20LGE%202023/D04/4.13-MON%20REPOS:LA%20RECONNAISSANCE.pdf
4,Demerara-Mahaica,4.13,MON REPOS/LA RECONNAISSANCE,NDC,2,MON REPOS - CENTRAL & SOUTH (W1/2),MON REPOS - CENTRAL & SOUTH (W1/2),False,GECOM Register of Voters for LGE 2023,https://gecom.org.gy/public/assets/docs/lists/2023%20-%20Register%20of%20Voters%20for%20LGE%202023/D04/4.13-MON%20REPOS:LA%20RECONNAISSANCE.pdf
4,Demerara-Mahaica,4.13,MON REPOS/LA RECONNAISSANCE,NDC,3,MON REPOS - SOUTH (E ½),MON REPOS - SOUTH (E ½),False,GECOM Register of Voters for LGE 2023,https://gecom.org.gy/public/assets/docs/lists/2023%20-%20Register%20of%20Voters%20for%20LGE%202023/D04/4.13-MON%20REPOS:LA%20RECONNAISSANCE.pdf
4,Demerara-Mahaica,4.13,MON REPOS/LA RECONNAISSANCE,NDC,4,GOOD HOPE,GOOD HOPE,False,GECOM Register of Voters for LGE 2023,https://gecom.org.gy/public/assets/docs/lists/2023%20-%20Register%20of%20Voters%20for%20LGE%202023/D04/4.13-MON%20REPOS:LA%20RECONNAISSANCE.pdf
4,Demerara-Mahaica,4.13,MON REPOS/LA RECONNAISSANCE,NDC,5,LUSIGNAN NORTH,LUSIGNAN NORTH,False,GECOM Register of Voters for LGE 2023,https://gecom.org.gy/public/assets/docs/lists/2023%20-%20Register%20of%20Voters%20for%20LGE%202023/D04/4.13-MON%20REPOS:LA%20RECONNAISSANCE.pdf
4,Demerara-Mahaica,4.13,MON REPOS/LA RECONNAISSANCE,NDC,6,LUSIGNAN CENTRAL,LUSIGNAN CENTRAL,False,GECOM Register of Voters for LGE 2023,https://gecom.org.gy/public/assets/docs/lists/2023%20-%20Register%20of%20Voters%20for%20LGE%202023/D04/4.13-MON%20REPOS:LA%20RECONNAISSANCE.pdf
4,Demerara-Mahaica,4.13,MON REPOS/LA RECONNAISSANCE,NDC,7,LUSIGNAN SOUTH,LUSIGNAN SOUTH,False,GECOM Register of Voters for LGE 2023,https://gecom.org.gy/public/assets/docs/lists/2023%20-%20Register%20of%20Voters%20for%20LGE%202023/D04/4.13-MON%20REPOS:LA%20RECONNAISSANCE.pdf
4,Demerara-Mahaica,4.13,MON REPOS/LA RECONNAISSANCE,NDC,8,ANNADALE NORTH,ANNADALE NORTH,False,GECOM Register of Voters for LGE 2023,https://gecom.org.gy/public/assets/docs/lists/2023%20-%20Register%20of%20Voters%20for%20LGE%202023/D04/4.13-MON%20REPOS:LA%20RECONNAISSANCE.pdf
4,Demerara-Mahaica,4.13,MON REPOS/LA RECONNAISSANCE,NDC,9,ANNANDALE CENTRAL & SOUTH,ANNANDALE CENTRAL & SOUTH,False,GECOM Register of Voters for LGE 2023,https://gecom.org.gy/public/assets/docs/lists/2023%20-%20Register%20of%20Voters%20for%20LGE%202023/D04/4.13-MON%20REPOS:LA%20RECONNAISSANCE.pdf
4,Demerara-Mahaica,4.14,BUXTON/FOULIS,NDC,1,BUXTON,BUXTON,False,GECOM Register of Voters for LGE 2023,https://gecom.org.gy/public/assets/docs/lists/2023%20-%20Register%20of%20Voters%20for%20LGE%202023/D04/4.14-BUXTON:FOULIS.pdf
4,Demerara-Mahaica,4.14,BUXTON/FOULIS,NDC,2,FRIENDSHIP,FRIENDSHIP,False,GECOM Register of Voters for LGE 2023,https://gecom.org.gy/public/assets/docs/lists/2023%20-%20Register%20of%20Voters%20for%20LGE%202023/D04/4.14-BUXTON:FOULIS.pdf
4,Demerara-Mahaica,4.14,BUXTON/FOULIS,NDC,3,"BLADENHALL, STRATHSPEY, COLDINGEN & NON PAREIL (NORTH)","BLADENHALL, STRATHSPEY, COLDINGEN & NON PARIEL (NORTH)",True,GECOM Register of Voters for LGE 2023,https://gecom.org.gy/public/assets/docs/lists/2023%20-%20Register%20of%20Voters%20for%20LGE%202023/D04/4.14-BUXTON:FOULIS.pdf
4,Demerara-Mahaica,4.14,BUXTON/FOULIS,NDC,4,VIGILANCE (NORTH),VIGILANCE (NORTH),False,GECOM Register of Voters for LGE 2023,https://gecom.org.gy/public/assets/docs/lists/2023%20-%20Register%20of%20Voters%20for%20LGE%202023/D04/4.14-BUXTON:FOULIS.pdf
4,Demerara-Mahaica,4.14,BUXTON/FOULIS,NDC,5,VIGILANCE - STRATHSPEY& VIGILANCE - FOULIS SUGAR CULTIV ATION (SOUTH),VIGILANCE-STRATHSPEY& VIGILANCE - FOULIS SUGAR CULTIV ATION (SOUTH),True,GECOM Register of Voters for LGE 2023,https://gecom.org.gy/public/assets/docs/lists/2023%20-%20Register%20of%20Voters%20for%20LGE%202023/D04/4.14-BUXTON:FOULIS.pdf
4,Demerara-Mahaica,4.14,BUXTON/FOULIS,NDC,6,ENTERPRISE - ELIZABETH HALL (NORTH),ENTERPRISE - ELIZABETH HALL (NORTH),False,GECOM Register of Voters for LGE 2023,https://gecom.org.gy/public/assets/docs/lists/2023%20-%20Register%20of%20Voters%20for%20LGE%202023/D04/4.14-BUXTON:FOULIS.pdf
4,Demerara-Mahaica,4.14,BUXTON/FOULIS,NDC,7,ENTERPRISE - ELIZABETH HALL (SOUTH) (BEYOND THE RAILWAY EMBANKMENT),ENTERPRISE - ELIZABETH HALL (SOUTH) (BEYOND THE RAILWAY EMBANKMENT),False,GECOM Register of Voters for LGE 2023,https://gecom.org.gy/public/assets/docs/lists/2023%20-%20Register%20of%20Voters%20for%20LGE%202023/D04/4.14-BUXTON:FOULIS.pdf
4,Demerara-Mahaica,4.14,BUXTON/FOULIS,NDC,8,BACHELOR'S ADVENTURE,BACHELOR'S ADVENTURE,False,GECOM Register of Voters for LGE 2023,https://gecom.org.gy/public/assets/docs/lists/2023%20-%20Register%20of%20Voters%20for%20LGE%202023/D04/4.14-BUXTON:FOULIS.pdf
4,Demerara-Mahaica,4.14,BUXTON/FOULIS,NDC,9,PARADISE - FOULIS,PARADISE - FOULIS,False,GECOM Register of Voters for LGE 2023,https://gecom.org.gy/public/assets/docs/lists/2023%20-%20Register%20of%20Voters%20for%20LGE%202023/D04/4.14-BUXTON:FOULIS.pdf
4,Demerara-Mahaica,4.15,ENMORE/HOPE,NDC,1,BLOSSOM SCHEME,BLOSSOM SCHEME,False,GECOM Register of Voters for LGE 2023,https://gecom.org.gy/public/assets/docs/lists/2023%20-%20Register%20of%20Voters%20for%20LGE%202023/D04/4.15-ENMORE:HOPE.pdf
4,Demerara-Mahaica,4.15,ENMORE/HOPE,NDC,2,LOGWOOD,LOGWOOD,False,GECOM Register of Voters for LGE 2023,https://gecom.org.gy/public/assets/docs/lists/2023%20-%20Register%20of%20Voters%20for%20LGE%202023/D04/4.15-ENMORE:HOPE.pdf
4,Demerara-Mahaica,4.15,ENMORE/HOPE,NDC,3,HOPE WEST (NORTH),HOPE WEST (NORTH),False,GECOM Register of Voters for LGE 2023,https://gecom.org.gy/public/assets/docs/lists/2023%20-%20Register%20of%20Voters%20for%20LGE%202023/D04/4.15-ENMORE:HOPE.pdf
4,Demerara-Mahaica,4.15,ENMORE/HOPE,NDC,4,HOPE WEST (CENTRAL),HOPE WEST (CENTRAL),False,GECOM Register of Voters for LGE 2023,https://gecom.org.gy/public/assets/docs/lists/2023%20-%20Register%20of%20Voters%20for%20LGE%202023/D04/4.15-ENMORE:HOPE.pdf
4,Demerara-Mahaica,4.15,ENMORE/HOPE,NDC,5,HOPE WEST (SOUTH),HOPE WEST (SOUTH),False,GECOM Register of Voters for LGE 2023,https://gecom.org.gy/public/assets/docs/lists/2023%20-%20Register%20of%20Voters%20for%20LGE%202023/D04/4.15-ENMORE:HOPE.pdf
4,Demerara-Mahaica,4.15,ENMORE/HOPE,NDC,6,BEEZIE AND NEWTOWN,BEEZIE AND NEWTOWN,False,GECOM Register of Voters for LGE 2023,https://gecom.org.gy/public/assets/docs/lists/2023%20-%20Register%20of%20Voters%20for%20LGE%202023/D04/4.15-ENMORE:HOPE.pdf
4,Demerara-Mahaica,4.15,ENMORE/HOPE,NDC,7,CHOW KOW SCHEME,CHOW KOW SCHEME,False,GECOM Register of Voters for LGE 2023,https://gecom.org.gy/public/assets/docs/lists/2023%20-%20Register%20of%20Voters%20for%20LGE%202023/D04/4.15-ENMORE:HOPE.pdf
4,Demerara-Mahaica,4.15,ENMORE/HOPE,NDC,8,ENMORE NORTH,ENMORE NORTH,False,GECOM Register of Voters for LGE 2023,https://gecom.org.gy/public/assets/docs/lists/2023%20-%20Register%20of%20Voters%20for%20LGE%202023/D04/4.15-ENMORE:HOPE.pdf
4,Demerara-Mahaica,4.15,ENMORE/HOPE,NDC,9,ENMORE PASTURE / NEW SCHEME,ENMORE PASTURE / NEW SCHEME,False,GECOM Register of Voters for LGE 2023,https://gecom.org.gy/public/assets/docs/lists/2023%20-%20Register%20of%20Voters%20for%20LGE%202023/D04/4.15-ENMORE:HOPE.pdf
4,Demerara-Mahaica,4.16,HASLINGTON/GROVE,NDC,1,HASLINGTON,HASLINGTON,False,GECOM Register of Voters for LGE 2023,https://gecom.org.gy/public/assets/docs/lists/2023%20-%20Register%20of%20Voters%20for%20LGE%202023/D04/4.16-HASLINGTON:GROVE.pdf
4,Demerara-Mahaica,4.16,HASLINGTON/GROVE,NDC,2,GOLDEN GROVE,GOLDEN GROVE,False,GECOM Register of Voters for LGE 2023,https://gecom.org.gy/public/assets/docs/lists/2023%20-%20Register%20of%20Voters%20for%20LGE%202023/D04/4.16-HASLINGTON:GROVE.pdf
4,Demerara-Mahaica,4.16,HASLINGTON/GROVE,NDC,3,NABACALIS,NABACALIS,False,GECOM Register of Voters for LGE 2023,https://gecom.org.gy/public/assets/docs/lists/2023%20-%20Register%20of%20Voters%20for%20LGE%202023/D04/4.16-HASLINGTON:GROVE.pdf
4,Demerara-Mahaica,4.16,HASLINGTON/GROVE,NDC,4,COVE & JOHN - CRAIG MILNE,COVE & JOHN - CRAIG MILNE,False,GECOM Register of Voters for LGE 2023,https://gecom.org.gy/public/assets/docs/lists/2023%20-%20Register%20of%20Voters%20for%20LGE%202023/D04/4.16-HASLINGTON:GROVE.pdf
4,Demerara-Mahaica,4.16,HASLINGTON/GROVE,NDC,5,VICTORIA,VICTORIA,False,GECOM Register of Voters for LGE 2023,https://gecom.org.gy/public/assets/docs/lists/2023%20-%20Register%20of%20Voters%20for%20LGE%202023/D04/4.16-HASLINGTON:GROVE.pdf
4,Demerara-Mahaica,4.16,HASLINGTON/GROVE,NDC,6,BELFIELD & NOOTENZUIL,BELFIELD & NOOTENZUIL,False,GECOM Register of Voters for LGE 2023,https://gecom.org.gy/public/assets/docs/lists/2023%20-%20Register%20of%20Voters%20for%20LGE%202023/D04/4.16-HASLINGTON:GROVE.pdf
4,Demerara-Mahaica,4.16,HASLINGTON/GROVE,NDC,7,DUCHFOUR & TWO FRIENDS,DUCHFOUR & TWO FRIENDS,False,GECOM Register of Voters for LGE 2023,https://gecom.org.gy/public/assets/docs/lists/2023%20-%20Register%20of%20Voters%20for%20LGE%202023/D04/4.16-HASLINGTON:GROVE.pdf
4,Demerara-Mahaica,4.16,HASLINGTON/GROVE,NDC,8,ANN'S GROVE & CLONBROOK,ANN'S GROVE & CLONBROOK,False,GECOM Register of Voters for LGE 2023,https://gecom.org.gy/public/assets/docs/lists/2023%20-%20Register%20of%20Voters%20for%20LGE%202023/D04/4.16-HASLINGTON:GROVE.pdf
4,Demerara-Mahaica,4.16,HASLINGTON/GROVE,NDC,9,BEEHIVE - GROVE,BEEHIVE - GROVE,False,GECOM Register of Voters for LGE 2023,https://gecom.org.gy/public/assets/docs/lists/2023%20-%20Register%20of%20Voters%20for%20LGE%202023/D04/4.16-HASLINGTON:GROVE.pdf
4,Demerara-Mahaica,4.17,UNITY/VEREENIGING,NDC,1,"LANCASTER NORTH, MOSQUITO HALL & SPRING HALL","LANCASTER NORTH, MOSQUITO HALL & SPRING HALL",False,GECOM Register of Voters for LGE 2023,https://gecom.org.gy/public/assets/docs/lists/2023%20-%20Register%20of%20Voters%20for%20LGE%202023/D04/4.17-UNITY:VEREENIGING.pdf
4,Demerara-Mahaica,4.17,UNITY/VEREENIGING,NDC,2,"UNITY, LANCASTER CENTRAL AND LANCASTER SOUTH","UNITY, LANCASTER CENTRAL AND LANCASTER SOUTH",False,GECOM Register of Voters for LGE 2023,https://gecom.org.gy/public/assets/docs/lists/2023%20-%20Register%20of%20Voters%20for%20LGE%202023/D04/4.17-UNITY:VEREENIGING.pdf
4,Demerara-Mahaica,4.17,UNITY/VEREENIGING,NDC,3,SPRINGHALL,SPRINGHALL,False,GECOM Register of Voters for LGE 2023,https://gecom.org.gy/public/assets/docs/lists/2023%20-%20Register%20of%20Voters%20for%20LGE%202023/D04/4.17-UNITY:VEREENIGING.pdf
4,Demerara-Mahaica,4.17,UNITY/VEREENIGING,NDC,4,HAND - EN - VELDT - GOODHOPE,HAND-EN-VELDT - GOODHOPE,True,GECOM Register of Voters for LGE 2023,https://gecom.org.gy/public/assets/docs/lists/2023%20-%20Register%20of%20Voters%20for%20LGE%202023/D04/4.17-UNITY:VEREENIGING.pdf
4,Demerara-Mahaica,4.17,UNITY/VEREENIGING,NDC,5,GOOD HOPE & HELENA # 2 NORTH,GOOD HOPE & HELENA # 2 NORTH,False,GECOM Register of Voters for LGE 2023,https://gecom.org.gy/public/assets/docs/lists/2023%20-%20Register%20of%20Voters%20for%20LGE%202023/D04/4.17-UNITY:VEREENIGING.pdf
4,Demerara-Mahaica,4.17,UNITY/VEREENIGING,NDC,6,HELENA #1 & HELENA #2 SOUTH,HELENA #1 & HELENA #2 SOUTH,False,GECOM Register of Voters for LGE 2023,https://gecom.org.gy/public/assets/docs/lists/2023%20-%20Register%20of%20Voters%20for%20LGE%202023/D04/4.17-UNITY:VEREENIGING.pdf
4,Demerara-Mahaica,4.17,UNITY/VEREENIGING,NDC,7,BELMONT NORTH,BELMONT NORTH,False,GECOM Register of Voters for LGE 2023,https://gecom.org.gy/public/assets/docs/lists/2023%20-%20Register%20of%20Voters%20for%20LGE%202023/D04/4.17-UNITY:VEREENIGING.pdf
4,Demerara-Mahaica,4.17,UNITY/VEREENIGING,NDC,8,BELMONT SOUTH & SUPPLY NORTH,BELMONT SOUTH & SUPPLY NORTH,False,GECOM Register of Voters for LGE 2023,https://gecom.org.gy/public/assets/docs/lists/2023%20-%20Register%20of%20Voters%20for%20LGE%202023/D04/4.17-UNITY:VEREENIGING.pdf
4,Demerara-Mahaica,4.17,UNITY/VEREENIGING,NDC,9,SUPPLY SOUTH & VEREENIGING,SUPPLY SOUTH & VEREENIGING,False,GECOM Register of Voters for LGE 2023,https://gecom.org.gy/public/assets/docs/lists/2023%20-%20Register%20of%20Voters%20for%20LGE%202023/D04/4.17-UNITY:VEREENIGING.pdf
4,Demerara-Mahaica,4.18,CANE GROVE,NDC,1,MARY'S HOPE - STRATHAVON,MARY'S HOPE - STRATHA VON,True,GECOM Register of Voters for LGE 2023,https://gecom.org.gy/public/assets/docs/lists/2023%20-%20Register%20of%20Voters%20for%20LGE%202023/D04/4.18-CANE%20GROVE.pdf
4,Demerara-Mahaica,4.18,CANE GROVE,NDC,2,BAGATELLE - DIAMOND,BAGATELLE - DIAMOND,False,GECOM Register of Voters for LGE 2023,https://gecom.org.gy/public/assets/docs/lists/2023%20-%20Register%20of%20Voters%20for%20LGE%202023/D04/4.18-CANE%20GROVE.pdf
4,Demerara-Mahaica,4.18,CANE GROVE,NDC,3,MELVILLE - VIRGINIA,MELVILLE -VIRGINIA,True,GECOM Register of Voters for LGE 2023,https://gecom.org.gy/public/assets/docs/lists/2023%20-%20Register%20of%20Voters%20for%20LGE%202023/D04/4.18-CANE%20GROVE.pdf
4,Demerara-Mahaica,4.18,CANE GROVE,NDC,4,LA BON PERE - HUNTLEY,LA BON PERE - HUNTLEY,False,GECOM Register of Voters for LGE 2023,https://gecom.org.gy/public/assets/docs/lists/2023%20-%20Register%20of%20Voters%20for%20LGE%202023/D04/4.18-CANE%20GROVE.pdf
4,Demerara-Mahaica,4.18,CANE GROVE,NDC,5,ESTATE YARD,ESTATE YARD,False,GECOM Register of Voters for LGE 2023,https://gecom.org.gy/public/assets/docs/lists/2023%20-%20Register%20of%20Voters%20for%20LGE%202023/D04/4.18-CANE%20GROVE.pdf
4,Demerara-Mahaica,4.18,CANE GROVE,NDC,6,SAYWAH - GRANNY FIELD,SAYWAH - GRANNY FIELD,False,GECOM Register of Voters for LGE 2023,https://gecom.org.gy/public/assets/docs/lists/2023%20-%20Register%20of%20Voters%20for%20LGE%202023/D04/4.18-CANE%20GROVE.pdf
5,Mahaica-Berbice,5.01,WOODLANDS/FARM,NDC,1,JOE HOOK - NO 10,JOE HOOK- NO 10,True,GECOM Register of Voters for LGE 2023,https://gecom.org.gy/public/assets/docs/lists/2023%20-%20Register%20of%20Voters%20for%20LGE%202023/D05/5.01-JOE%20HOOK:FARM.pdf
5,Mahaica-Berbice,5.01,WOODLANDS/FARM,NDC,2,POSTS/VEV AY,POSTS/VEV AY,False,GECOM Register of Voters for LGE 2023,https://gecom.org.gy/public/assets/docs/lists/2023%20-%20Register%20of%20Voters%20for%20LGE%202023/D05/5.01-JOE%20HOOK:FARM.pdf
5,Mahaica-Berbice,5.01,WOODLANDS/FARM,NDC,3,WOODLANDS/ MANILLA,WOODLANDS/ MANILLA,False,GECOM Register of Voters for LGE 2023,https://gecom.org.gy/public/assets/docs/lists/2023%20-%20Register%20of%20Voters%20for%20LGE%202023/D05/5.01-JOE%20HOOK:FARM.pdf
5,Mahaica-Berbice,5.01,WOODLANDS/FARM,NDC,4,STRANGROEN/FAIRFIELD,STRANGROEN/FAIRFIELD,False,GECOM Register of Voters for LGE 2023,https://gecom.org.gy/public/assets/docs/lists/2023%20-%20Register%20of%20Voters%20for%20LGE%202023/D05/5.01-JOE%20HOOK:FARM.pdf
5,Mahaica-Berbice,5.01,WOODLANDS/FARM,NDC,5,BATH / ZEALAND,BATH / ZEALAND,False,GECOM Register of Voters for LGE 2023,https://gecom.org.gy/public/assets/docs/lists/2023%20-%20Register%20of%20Voters%20for%20LGE%202023/D05/5.01-JOE%20HOOK:FARM.pdf
5,Mahaica-Berbice,5.01,WOODLANDS/FARM,NDC,6,PLANTERS HALL / BUSHY PARK,PLANTERS HALL / BUSHY PARK,False,GECOM Register of Voters for LGE 2023,https://gecom.org.gy/public/assets/docs/lists/2023%20-%20Register%20of%20Voters%20for%20LGE%202023/D05/5.01-JOE%20HOOK:FARM.pdf
5,Mahaica-Berbice,5.01,WOODLANDS/FARM,NDC,7,NOW OR NEVER / MARY,NOW OR NEVER / MARY,False,GECOM Register of Voters for LGE 2023,https://gecom.org.gy/public/assets/docs/lists/2023%20-%20Register%20of%20Voters%20for%20LGE%202023/D05/5.01-JOE%20HOOK:FARM.pdf
5,Mahaica-Berbice,5.01,WOODLANDS/FARM,NDC,8,BLENHEIM,BLENHEIM,False,GECOM Register of Voters for LGE 2023,https://gecom.org.gy/public/assets/docs/lists/2023%20-%20Register%20of%20Voters%20for%20LGE%202023/D05/5.01-JOE%20HOOK:FARM.pdf
5,Mahaica-Berbice,5.01,WOODLANDS/FARM,NDC,9,ZESKINDEREN / ANJOU,ZESKINDEREN / ANJOU,False,GECOM Register of Voters for LGE 2023,https://gecom.org.gy/public/assets/docs/lists/2023%20-%20Register%20of%20Voters%20for%20LGE%202023/D05/5.01-JOE%20HOOK:FARM.pdf
5,Mahaica-Berbice,5.02,HAMLET/CHANCE,NDC,1,HAMLET - PERTH,HAMLET - PERTH,False,GECOM Register of Voters for LGE 2023,https://gecom.org.gy/public/assets/docs/lists/2023%20-%20Register%20of%20Voters%20for%20LGE%202023/D05/5.02-HAMLET:CHANCE.pdf
5,Mahaica-Berbice,5.02,HAMLET/CHANCE,NDC,2,FORTITUDE - NO. 12,FORTITUDE - NO. 12,False,GECOM Register of Voters for LGE 2023,https://gecom.org.gy/public/assets/docs/lists/2023%20-%20Register%20of%20Voters%20for%20LGE%202023/D05/5.02-HAMLET:CHANCE.pdf
5,Mahaica-Berbice,5.02,HAMLET/CHANCE,NDC,3,STRATHCAMPBELL - CHANCE,STRATHCAMPBELL - CHANCE,False,GECOM Register of Voters for LGE 2023,https://gecom.org.gy/public/assets/docs/lists/2023%20-%20Register%20of%20Voters%20for%20LGE%202023/D05/5.02-HAMLET:CHANCE.pdf
5,Mahaica-Berbice,5.03,MAHAICONY/ABARY,NDC,1,PARK/HUNTLEY,PARK/HUNTLEY,False,GECOM Register of Voters for LGE 2023,https://gecom.org.gy/public/assets/docs/lists/2023%20-%20Register%20of%20Voters%20for%20LGE%202023/D05/5.03-MAHAICONY:ABARY.pdf
5,Mahaica-Berbice,5.03,MAHAICONY/ABARY,NDC,2,RETRIEVE/JUGDEO,RETRIEVE/JUGDEO,False,GECOM Register of Voters for LGE 2023,https://gecom.org.gy/public/assets/docs/lists/2023%20-%20Register%20of%20Voters%20for%20LGE%202023/D05/5.03-MAHAICONY:ABARY.pdf
5,Mahaica-Berbice,5.03,MAHAICONY/ABARY,NDC,3,ESAU & JACOB/MORA POINT,ESAU & JACOB/MORA POINT,False,GECOM Register of Voters for LGE 2023,https://gecom.org.gy/public/assets/docs/lists/2023%20-%20Register%20of%20Voters%20for%20LGE%202023/D05/5.03-MAHAICONY:ABARY.pdf
5,Mahaica-Berbice,5.03,MAHAICONY/ABARY,NDC,4,AIRY HALL,AIRY HALL,False,GECOM Register of Voters for LGE 2023,https://gecom.org.gy/public/assets/docs/lists/2023%20-%20Register%20of%20Voters%20for%20LGE%202023/D05/5.03-MAHAICONY:ABARY.pdf
5,Mahaica-Berbice,5.03,MAHAICONY/ABARY,NDC,5,DUNDEE,DUNDEE,False,GECOM Register of Voters for LGE 2023,https://gecom.org.gy/public/assets/docs/lists/2023%20-%20Register%20of%20Voters%20for%20LGE%202023/D05/5.03-MAHAICONY:ABARY.pdf
5,Mahaica-Berbice,5.03,MAHAICONY/ABARY,NDC,6,NOV AR,NOV AR,False,GECOM Register of Voters for LGE 2023,https://gecom.org.gy/public/assets/docs/lists/2023%20-%20Register%20of%20Voters%20for%20LGE%202023/D05/5.03-MAHAICONY:ABARY.pdf
5,Mahaica-Berbice,5.03,MAHAICONY/ABARY,NDC,7,GOOD FAITH / RECESS,GOOD FAITH / RECESS,False,GECOM Register of Voters for LGE 2023,https://gecom.org.gy/public/assets/docs/lists/2023%20-%20Register%20of%20Voters%20for%20LGE%202023/D05/5.03-MAHAICONY:ABARY.pdf
5,Mahaica-Berbice,5.03,MAHAICONY/ABARY,NDC,8,CALCUTTA,CALCUTTA,False,GECOM Register of Voters for LGE 2023,https://gecom.org.gy/public/assets/docs/lists/2023%20-%20Register%20of%20Voters%20for%20LGE%202023/D05/5.03-MAHAICONY:ABARY.pdf
5,Mahaica-Berbice,5.03,MAHAICONY/ABARY,NDC,9,CATHERINE / ADVENTURE,CATHERINE / ADVENTURE,False,GECOM Register of Voters for LGE 2023,https://gecom.org.gy/public/assets/docs/lists/2023%20-%20Register%20of%20Voters%20for%20LGE%202023/D05/5.03-MAHAICONY:ABARY.pdf
5,Mahaica-Berbice,5.04,PROFIT/RISING SUN,NDC,1,PROFIT - FOULIS,PROFIT -FOULIS,True,GECOM Register of Voters for LGE 2023,https://gecom.org.gy/public/assets/docs/lists/2023%20-%20Register%20of%20Voters%20for%20LGE%202023/D05/5.04-PROFIT:RISING%20SUN.pdf
5,Mahaica-Berbice,5.04,PROFIT/RISING SUN,NDC,2,ELDORADO,ELDORADO,False,GECOM Register of Voters for LGE 2023,https://gecom.org.gy/public/assets/docs/lists/2023%20-%20Register%20of%20Voters%20for%20LGE%202023/D05/5.04-PROFIT:RISING%20SUN.pdf
5,Mahaica-Berbice,5.04,PROFIT/RISING SUN,NDC,3,BELLADRUM,BELLADRUM,False,GECOM Register of Voters for LGE 2023,https://gecom.org.gy/public/assets/docs/lists/2023%20-%20Register%20of%20Voters%20for%20LGE%202023/D05/5.04-PROFIT:RISING%20SUN.pdf
5,Mahaica-Berbice,5.04,PROFIT/RISING SUN,NDC,4,PARADISE,PARADISE,False,GECOM Register of Voters for LGE 2023,https://gecom.org.gy/public/assets/docs/lists/2023%20-%20Register%20of%20Voters%20for%20LGE%202023/D05/5.04-PROFIT:RISING%20SUN.pdf
5,Mahaica-Berbice,5.04,PROFIT/RISING SUN,NDC,5,GOLDEN FLEECE,GOLDEN FLEECE,False,GECOM Register of Voters for LGE 2023,https://gecom.org.gy/public/assets/docs/lists/2023%20-%20Register%20of%20Voters%20for%20LGE%202023/D05/5.04-PROFIT:RISING%20SUN.pdf
5,Mahaica-Berbice,5.04,PROFIT/RISING SUN,NDC,6,WELDAAD - RISING SUN,WELDAAD - RISING SUN,False,GECOM Register of Voters for LGE 2023,https://gecom.org.gy/public/assets/docs/lists/2023%20-%20Register%20of%20Voters%20for%20LGE%202023/D05/5.04-PROFIT:RISING%20SUN.pdf
5,Mahaica-Berbice,5.05,SEAFIELD/TEMPIE,NDC,1,SEAFIELD - BENGAL,SEAFIELD - BENGAL,False,GECOM Register of Voters for LGE 2023,https://gecom.org.gy/public/assets/docs/lists/2023%20-%20Register%20of%20Voters%20for%20LGE%202023/D05/5.05-SEAFIELD:TEMPIE.pdf
5,Mahaica-Berbice,5.05,SEAFIELD/TEMPIE,NDC,2,PLANTATION AYR - BELLE VUE,PLANTATION AYR - BELLE VUE,False,GECOM Register of Voters for LGE 2023,https://gecom.org.gy/public/assets/docs/lists/2023%20-%20Register%20of%20Voters%20for%20LGE%202023/D05/5.05-SEAFIELD:TEMPIE.pdf
5,Mahaica-Berbice,5.05,SEAFIELD/TEMPIE,NDC,3,LICHFIELD,LICHFIELD,False,GECOM Register of Voters for LGE 2023,https://gecom.org.gy/public/assets/docs/lists/2023%20-%20Register%20of%20Voters%20for%20LGE%202023/D05/5.05-SEAFIELD:TEMPIE.pdf
5,Mahaica-Berbice,5.05,SEAFIELD/TEMPIE,NDC,4,COTTAGE - PHOENIX,COTTAGE - PHOENIX,False,GECOM Register of Voters for LGE 2023,https://gecom.org.gy/public/assets/docs/lists/2023%20-%20Register%20of%20Voters%20for%20LGE%202023/D05/5.05-SEAFIELD:TEMPIE.pdf
5,Mahaica-Berbice,5.05,SEAFIELD/TEMPIE,NDC,5,KINGELLY - BRAHN,KINGELLY- BRAHN,True,GECOM Register of Voters for LGE 2023,https://gecom.org.gy/public/assets/docs/lists/2023%20-%20Register%20of%20Voters%20for%20LGE%202023/D05/5.05-SEAFIELD:TEMPIE.pdf
5,Mahaica-Berbice,5.05,SEAFIELD/TEMPIE,NDC,6,ROSS - YEOVILLE,ROSS -YEOVILLE,True,GECOM Register of Voters for LGE 2023,https://gecom.org.gy/public/assets/docs/lists/2023%20-%20Register%20of%20Voters%20for%20LGE%202023/D05/5.05-SEAFIELD:TEMPIE.pdf
5,Mahaica-Berbice,5.05,SEAFIELD/TEMPIE,NDC,7,CHESTER - BRITTANNIA,CHESTER - BRITTANNIA,False,GECOM Register of Voters for LGE 2023,https://gecom.org.gy/public/assets/docs/lists/2023%20-%20Register%20of%20Voters%20for%20LGE%202023/D05/5.05-SEAFIELD:TEMPIE.pdf
5,Mahaica-Berbice,5.05,SEAFIELD/TEMPIE,NDC,8,TEMPIE,TEMPIE,False,GECOM Register of Voters for LGE 2023,https://gecom.org.gy/public/assets/docs/lists/2023%20-%20Register%20of%20Voters%20for%20LGE%202023/D05/5.05-SEAFIELD:TEMPIE.pdf
5,Mahaica-Berbice,5.06,UNION/NAARSTIGHEID,NDC,1,UNION,UNION,False,GECOM Register of Voters for LGE 2023,https://gecom.org.gy/public/assets/docs/lists/2023%20-%20Register%20of%20Voters%20for%20LGE%202023/D05/5.06-UNION:NAARSTIGHEID.pdf
5,Mahaica-Berbice,5.06,UNION/NAARSTIGHEID,NDC,2,TRAFALGAR,TRAFALGAR,False,GECOM Register of Voters for LGE 2023,https://gecom.org.gy/public/assets/docs/lists/2023%20-%20Register%20of%20Voters%20for%20LGE%202023/D05/5.06-UNION:NAARSTIGHEID.pdf
5,Mahaica-Berbice,5.06,UNION/NAARSTIGHEID,NDC,3,ONVERWAGT – GOLDEN GROVE,ONVERWAGT – GOLDEN GROVE,False,GECOM Register of Voters for LGE 2023,https://gecom.org.gy/public/assets/docs/lists/2023%20-%20Register%20of%20Voters%20for%20LGE%202023/D05/5.06-UNION:NAARSTIGHEID.pdf
5,Mahaica-Berbice,5.06,UNION/NAARSTIGHEID,NDC,4,BUSH LOT (NORTH),BUSH LOT (NORTH),False,GECOM Register of Voters for LGE 2023,https://gecom.org.gy/public/assets/docs/lists/2023%20-%20Register%20of%20Voters%20for%20LGE%202023/D05/5.06-UNION:NAARSTIGHEID.pdf
5,Mahaica-Berbice,5.06,UNION/NAARSTIGHEID,NDC,5,BUSH LOT (SOUTH),BUSH LOT (SOUTH),False,GECOM Register of Voters for LGE 2023,https://gecom.org.gy/public/assets/docs/lists/2023%20-%20Register%20of%20Voters%20for%20LGE%202023/D05/5.06-UNION:NAARSTIGHEID.pdf
5,Mahaica-Berbice,5.06,UNION/NAARSTIGHEID,NDC,6,ARMADALE - BEL AIR,ARMADALE - BEL AIR,False,GECOM Register of Voters for LGE 2023,https://gecom.org.gy/public/assets/docs/lists/2023%20-%20Register%20of%20Voters%20for%20LGE%202023/D05/5.06-UNION:NAARSTIGHEID.pdf
5,Mahaica-Berbice,5.06,UNION/NAARSTIGHEID,NDC,7,ST.JOHN - HOPETOWN (NORTH),ST.JOHN - HOPETOWN (NORTH),False,GECOM Register of Voters for LGE 2023,https://gecom.org.gy/public/assets/docs/lists/2023%20-%20Register%20of%20Voters%20for%20LGE%202023/D05/5.06-UNION:NAARSTIGHEID.pdf
5,Mahaica-Berbice,5.06,UNION/NAARSTIGHEID,NDC,8,HOPETOWN (SOUTH),HOPETOWN (SOUTH),False,GECOM Register of Voters for LGE 2023,https://gecom.org.gy/public/assets/docs/lists/2023%20-%20Register%20of%20Voters%20for%20LGE%202023/D05/5.06-UNION:NAARSTIGHEID.pdf
5,Mahaica-Berbice,5.06,UNION/NAARSTIGHEID,NDC,9,ONDERNEEMING - NAARSTIGHEID,ONDERNEEMING - NAARSTIGHEID,False,GECOM Register of Voters for LGE 2023,https://gecom.org.gy/public/assets/docs/lists/2023%20-%20Register%20of%20Voters%20for%20LGE%202023/D05/5.06-UNION:NAARSTIGHEID.pdf
5,Mahaica-Berbice,5.07,BATH/WOODLEY PARK,NDC,1,EXPERIMENT - HOPE (NORTH),EXPERIMENT - HOPE (NORTH),False,GECOM Register of Voters for LGE 2023,https://gecom.org.gy/public/assets/docs/lists/2023%20-%20Register%20of%20Voters%20for%20LGE%202023/D05/5.07-BATH:WOODLEY%20PARK.pdf
5,Mahaica-Berbice,5.07,BATH/WOODLEY PARK,NDC,2,EXPERIMENT - HOPE (SOUTH),EXPERIMENT - HOPE (SOUTH),False,GECOM Register of Voters for LGE 2023,https://gecom.org.gy/public/assets/docs/lists/2023%20-%20Register%20of%20Voters%20for%20LGE%202023/D05/5.07-BATH:WOODLEY%20PARK.pdf
5,Mahaica-Berbice,5.07,BATH/WOODLEY PARK,NDC,3,SQUATTING AREA,SQUATTING AREA,False,GECOM Register of Voters for LGE 2023,https://gecom.org.gy/public/assets/docs/lists/2023%20-%20Register%20of%20Voters%20for%20LGE%202023/D05/5.07-BATH:WOODLEY%20PARK.pdf
5,Mahaica-Berbice,5.07,BATH/WOODLEY PARK,NDC,4,WATERLOO (SOUTH),WATERLOO (SOUTH),False,GECOM Register of Voters for LGE 2023,https://gecom.org.gy/public/assets/docs/lists/2023%20-%20Register%20of%20Voters%20for%20LGE%202023/D05/5.07-BATH:WOODLEY%20PARK.pdf
5,Mahaica-Berbice,5.07,BATH/WOODLEY PARK,NDC,5,BATH (AZAM KHAN STREET TO PITCH STREET WEST),BATH (AZAM KHAN STREET TO PITCH STREET WEST),False,GECOM Register of Voters for LGE 2023,https://gecom.org.gy/public/assets/docs/lists/2023%20-%20Register%20of%20Voters%20for%20LGE%202023/D05/5.07-BATH:WOODLEY%20PARK.pdf
5,Mahaica-Berbice,5.07,BATH/WOODLEY PARK,NDC,6,BATH - PITCH STREET (EAST) TO CINEMA STREET,BATH - PITCH STREET (EAST) TO CINEMA STREET,False,GECOM Register of Voters for LGE 2023,https://gecom.org.gy/public/assets/docs/lists/2023%20-%20Register%20of%20Voters%20for%20LGE%202023/D05/5.07-BATH:WOODLEY%20PARK.pdf
5,Mahaica-Berbice,5.07,BATH/WOODLEY PARK,NDC,7,WATERLOO,WATERLOO,False,GECOM Register of Voters for LGE 2023,https://gecom.org.gy/public/assets/docs/lists/2023%20-%20Register%20of%20Voters%20for%20LGE%202023/D05/5.07-BATH:WOODLEY%20PARK.pdf
5,Mahaica-Berbice,5.07,BATH/WOODLEY PARK,NDC,8,WOODLEY PARK (NORTH),WOODLEY PARK (NORTH),False,GECOM Register of Voters for LGE 2023,https://gecom.org.gy/public/assets/docs/lists/2023%20-%20Register%20of%20Voters%20for%20LGE%202023/D05/5.07-BATH:WOODLEY%20PARK.pdf
5,Mahaica-Berbice,5.07,BATH/WOODLEY PARK,NDC,9,WOODLEY PARK (SOUTH),WOODLEY PARK (SOUTH),False,GECOM Register of Voters for LGE 2023,https://gecom.org.gy/public/assets/docs/lists/2023%20-%20Register%20of%20Voters%20for%20LGE%202023/D05/5.07-BATH:WOODLEY%20PARK.pdf
5,Mahaica-Berbice,5.08,WOODLANDS/BEL AIR,NDC,1,"WOODLANDS, FRIENDS & RETREAT","WOODLANDS, FRIENDS & RETREAT",False,GECOM Register of Voters for LGE 2023,https://gecom.org.gy/public/assets/docs/lists/2023%20-%20Register%20of%20Voters%20for%20LGE%202023/D05/5.08-WOODLANDS:BEL%20AIR.pdf
5,Mahaica-Berbice,5.08,WOODLANDS/BEL AIR,NDC,2,EXPECTATION,EXPECTATION,False,GECOM Register of Voters for LGE 2023,https://gecom.org.gy/public/assets/docs/lists/2023%20-%20Register%20of%20Voters%20for%20LGE%202023/D05/5.08-WOODLANDS:BEL%20AIR.pdf
5,Mahaica-Berbice,5.08,WOODLANDS/BEL AIR,NDC,3,INVERNESS,INVERNESS,False,GECOM Register of Voters for LGE 2023,https://gecom.org.gy/public/assets/docs/lists/2023%20-%20Register%20of%20Voters%20for%20LGE%202023/D05/5.08-WOODLANDS:BEL%20AIR.pdf
5,Mahaica-Berbice,5.08,WOODLANDS/BEL AIR,NDC,4,WILLEMSTAAD/ BEL AIR,WILLEMSTAAD/ BEL AIR,False,GECOM Register of Voters for LGE 2023,https://gecom.org.gy/public/assets/docs/lists/2023%20-%20Register%20of%20Voters%20for%20LGE%202023/D05/5.08-WOODLANDS:BEL%20AIR.pdf
5,Mahaica-Berbice,5.09,ZEELUST/ROSIGNOL,NDC,1,ZEE LUST/EDDERTON,ZEE LUST/EDDERTON,False,GECOM Register of Voters for LGE 2023,https://gecom.org.gy/public/assets/docs/lists/2023%20-%20Register%20of%20Voters%20for%20LGE%202023/D05/5.09-ZEELUST:ROSIGNOL.pdf
5,Mahaica-Berbice,5.09,ZEELUST/ROSIGNOL,NDC,2,MON CHOISI/ZEE ZIGHT,MON CHOISI/ZEE ZIGHT,False,GECOM Register of Voters for LGE 2023,https://gecom.org.gy/public/assets/docs/lists/2023%20-%20Register%20of%20Voters%20for%20LGE%202023/D05/5.09-ZEELUST:ROSIGNOL.pdf
5,Mahaica-Berbice,5.09,ZEELUST/ROSIGNOL,NDC,3,COTTON TREE (EAST) (1),COTTON TREE (EAST) (1),False,GECOM Register of Voters for LGE 2023,https://gecom.org.gy/public/assets/docs/lists/2023%20-%20Register%20of%20Voters%20for%20LGE%202023/D05/5.09-ZEELUST:ROSIGNOL.pdf
5,Mahaica-Berbice,5.09,ZEELUST/ROSIGNOL,NDC,4,COTTON TREE (EAST) (2),COTTON TREE (EAST) (2),False,GECOM Register of Voters for LGE 2023,https://gecom.org.gy/public/assets/docs/lists/2023%20-%20Register%20of%20Voters%20for%20LGE%202023/D05/5.09-ZEELUST:ROSIGNOL.pdf
5,Mahaica-Berbice,5.09,ZEELUST/ROSIGNOL,NDC,5,COTTON TREE (WEST),COTTON TREE (WEST),False,GECOM Register of Voters for LGE 2023,https://gecom.org.gy/public/assets/docs/lists/2023%20-%20Register%20of%20Voters%20for%20LGE%202023/D05/5.09-ZEELUST:ROSIGNOL.pdf
5,Mahaica-Berbice,5.09,ZEELUST/ROSIGNOL,NDC,6,D’EDWARD (EAST),D’EDWARD (EAST),False,GECOM Register of Voters for LGE 2023,https://gecom.org.gy/public/assets/docs/lists/2023%20-%20Register%20of%20Voters%20for%20LGE%202023/D05/5.09-ZEELUST:ROSIGNOL.pdf
5,Mahaica-Berbice,5.09,ZEELUST/ROSIGNOL,NDC,7,D’EDWARD (WEST),D’EDWARD (WEST),False,GECOM Register of Voters for LGE 2023,https://gecom.org.gy/public/assets/docs/lists/2023%20-%20Register%20of%20Voters%20for%20LGE%202023/D05/5.09-ZEELUST:ROSIGNOL.pdf
5,Mahaica-Berbice,5.09,ZEELUST/ROSIGNOL,NDC,8,ROSIGNOL (EAST),ROSIGNOL (EAST),False,GECOM Register of Voters for LGE 2023,https://gecom.org.gy/public/assets/docs/lists/2023%20-%20Register%20of%20Voters%20for%20LGE%202023/D05/5.09-ZEELUST:ROSIGNOL.pdf
5,Mahaica-Berbice,5.09,ZEELUST/ROSIGNOL,NDC,9,ROSIGNOL (WEST),ROSIGNOL (WEST),False,GECOM Register of Voters for LGE 2023,https://gecom.org.gy/public/assets/docs/lists/2023%20-%20Register%20of%20Voters%20for%20LGE%202023/D05/5.09-ZEELUST:ROSIGNOL.pdf
5,Mahaica-Berbice,5.10,BLAIRMONT/GELDERLAND,NDC,1,SHEILDSTOWN/BLAIRMONT COMPOUND,SHEILDSTOWN/BLAIRMONT COMPOUND,False,GECOM Register of Voters for LGE 2023,https://gecom.org.gy/public/assets/docs/lists/2023%20-%20Register%20of%20Voters%20for%20LGE%202023/D05/5.10-BLAIRMONT:GELDERLAND.pdf
5,Mahaica-Berbice,5.10,BLAIRMONT/GELDERLAND,NDC,2,N0.1 SETTLEMENT BLAIRMONT,N0.1 SETTLEMENT BLAIRMONT,False,GECOM Register of Voters for LGE 2023,https://gecom.org.gy/public/assets/docs/lists/2023%20-%20Register%20of%20Voters%20for%20LGE%202023/D05/5.10-BLAIRMONT:GELDERLAND.pdf
5,Mahaica-Berbice,5.10,BLAIRMONT/GELDERLAND,NDC,3,N0.2 SETTLEMENT BLAIRMONT,N0.2 SETTLEMENT BLAIRMONT,False,GECOM Register of Voters for LGE 2023,https://gecom.org.gy/public/assets/docs/lists/2023%20-%20Register%20of%20Voters%20for%20LGE%202023/D05/5.10-BLAIRMONT:GELDERLAND.pdf
5,Mahaica-Berbice,5.10,BLAIRMONT/GELDERLAND,NDC,4,N0.3 SETTLEMENT BLAIRMONT,N0.3 SETTLEMENT BLAIRMONT,False,GECOM Register of Voters for LGE 2023,https://gecom.org.gy/public/assets/docs/lists/2023%20-%20Register%20of%20Voters%20for%20LGE%202023/D05/5.10-BLAIRMONT:GELDERLAND.pdf
5,Mahaica-Berbice,5.10,BLAIRMONT/GELDERLAND,NDC,5,NO. 4 SETTLEMENT BLAIRMONT - ZORG - EN - HOOP (SOUTH),NO. 4 SETTLEMENT BLAIRMONT - ZORG - EN - HOOP (SOUTH),False,GECOM Register of Voters for LGE 2023,https://gecom.org.gy/public/assets/docs/lists/2023%20-%20Register%20of%20Voters%20for%20LGE%202023/D05/5.10-BLAIRMONT:GELDERLAND.pdf
5,Mahaica-Berbice,5.10,BLAIRMONT/GELDERLAND,NDC,6,ZORG - EN - HOOP (EAST),ZORG-EN-HOOP (EAST),True,GECOM Register of Voters for LGE 2023,https://gecom.org.gy/public/assets/docs/lists/2023%20-%20Register%20of%20Voters%20for%20LGE%202023/D05/5.10-BLAIRMONT:GELDERLAND.pdf
5,Mahaica-Berbice,5.10,BLAIRMONT/GELDERLAND,NDC,7,ZORG - EN - HOOP (WEST),ZORG-EN-HOOP (WEST),True,GECOM Register of Voters for LGE 2023,https://gecom.org.gy/public/assets/docs/lists/2023%20-%20Register%20of%20Voters%20for%20LGE%202023/D05/5.10-BLAIRMONT:GELDERLAND.pdf
5,Mahaica-Berbice,5.10,BLAIRMONT/GELDERLAND,NDC,8,ITHACA (EAST),ITHACA (EAST),False,GECOM Register of Voters for LGE 2023,https://gecom.org.gy/public/assets/docs/lists/2023%20-%20Register%20of%20Voters%20for%20LGE%202023/D05/5.10-BLAIRMONT:GELDERLAND.pdf
5,Mahaica-Berbice,5.10,BLAIRMONT/GELDERLAND,NDC,9,ITHACA (WEST),ITHACA (WEST),False,GECOM Register of Voters for LGE 2023,https://gecom.org.gy/public/assets/docs/lists/2023%20-%20Register%20of%20Voters%20for%20LGE%202023/D05/5.10-BLAIRMONT:GELDERLAND.pdf
6,East Berbice-Corentyne,6.01,PLEGT ANKER/KORTBERAADT,NDC,1,KORTBERAADT EAST - BUSES LUST,KORTBERAADT EAST-BUSES LUST,True,GECOM Register of Voters for LGE 2023,https://gecom.org.gy/public/assets/docs/lists/2023%20-%20Register%20of%20Voters%20for%20LGE%202023/D06/6.01-PLEGT%20ANKER:KORTBERAADT.pdf
6,East Berbice-Corentyne,6.01,PLEGT ANKER/KORTBERAADT,NDC,2,KORTBERAADT WEST,KORTBERAADT WEST,False,GECOM Register of Voters for LGE 2023,https://gecom.org.gy/public/assets/docs/lists/2023%20-%20Register%20of%20Voters%20for%20LGE%202023/D06/6.01-PLEGT%20ANKER:KORTBERAADT.pdf
6,East Berbice-Corentyne,6.01,PLEGT ANKER/KORTBERAADT,NDC,3,HIGHBURY - CHRISTINA’S LUST,HIGHBURY- CHRISTINA’S LUST,True,GECOM Register of Voters for LGE 2023,https://gecom.org.gy/public/assets/docs/lists/2023%20-%20Register%20of%20Voters%20for%20LGE%202023/D06/6.01-PLEGT%20ANKER:KORTBERAADT.pdf
6,East Berbice-Corentyne,6.01,PLEGT ANKER/KORTBERAADT,NDC,4,JULIANSBURG - PLEGT ANKER,JULIANSBURG-PLEGT ANKER,True,GECOM Register of Voters for LGE 2023,https://gecom.org.gy/public/assets/docs/lists/2023%20-%20Register%20of%20Voters%20for%20LGE%202023/D06/6.01-PLEGT%20ANKER:KORTBERAADT.pdf
6,East Berbice-Corentyne,6.02,WYBURG/CARACAS,NDC,1,CARACAS,CARACAS,False,GECOM Register of Voters for LGE 2023,https://gecom.org.gy/public/assets/docs/lists/2023%20-%20Register%20of%20Voters%20for%20LGE%202023/D06/6.02-WYBURG:CARACAS.pdf
6,East Berbice-Corentyne,6.02,WYBURG/CARACAS,NDC,2,VRYHEID - LOCHABER,VRYHEID - LOCHABER,False,GECOM Register of Voters for LGE 2023,https://gecom.org.gy/public/assets/docs/lists/2023%20-%20Register%20of%20Voters%20for%20LGE%202023/D06/6.02-WYBURG:CARACAS.pdf
6,East Berbice-Corentyne,6.02,WYBURG/CARACAS,NDC,3,SANDVOORT - WYBURG,SANDVOORT - WYBURG,False,GECOM Register of Voters for LGE 2023,https://gecom.org.gy/public/assets/docs/lists/2023%20-%20Register%20of%20Voters%20for%20LGE%202023/D06/6.02-WYBURG:CARACAS.pdf
6,East Berbice-Corentyne,6.03,ENFIELD/NEW DOE PARK,NDC,1,ENFIELD - SISTERS,ENFIELD - SISTERS,False,GECOM Register of Voters for LGE 2023,https://gecom.org.gy/public/assets/docs/lists/2023%20-%20Register%20of%20Voters%20for%20LGE%202023/D06/6.03-ENFIELD:NEW%20DOE%20PARK.pdf
6,East Berbice-Corentyne,6.03,ENFIELD/NEW DOE PARK,NDC,2,BROTHERS,BROTHERS,False,GECOM Register of Voters for LGE 2023,https://gecom.org.gy/public/assets/docs/lists/2023%20-%20Register%20of%20Voters%20for%20LGE%202023/D06/6.03-ENFIELD:NEW%20DOE%20PARK.pdf
6,East Berbice-Corentyne,6.03,ENFIELD/NEW DOE PARK,NDC,3,LONSDALE,LONSDALE,False,GECOM Register of Voters for LGE 2023,https://gecom.org.gy/public/assets/docs/lists/2023%20-%20Register%20of%20Voters%20for%20LGE%202023/D06/6.03-ENFIELD:NEW%20DOE%20PARK.pdf
6,East Berbice-Corentyne,6.03,ENFIELD/NEW DOE PARK,NDC,4,ROTTERDAM,ROTTERDAM,False,GECOM Register of Voters for LGE 2023,https://gecom.org.gy/public/assets/docs/lists/2023%20-%20Register%20of%20Voters%20for%20LGE%202023/D06/6.03-ENFIELD:NEW%20DOE%20PARK.pdf
6,East Berbice-Corentyne,6.03,ENFIELD/NEW DOE PARK,NDC,5,BELLE VUE - RESTAURANT STREET (EDINBURGH),BELLE VUE - RESTAURANT STREET (EDINBURGH),False,GECOM Register of Voters for LGE 2023,https://gecom.org.gy/public/assets/docs/lists/2023%20-%20Register%20of%20Voters%20for%20LGE%202023/D06/6.03-ENFIELD:NEW%20DOE%20PARK.pdf
6,East Berbice-Corentyne,6.03,ENFIELD/NEW DOE PARK,NDC,6,"RESTAURANT STREET, RAMBALLIE STREET","RESTAURANT STREET, RAMBALLIE STREET",False,GECOM Register of Voters for LGE 2023,https://gecom.org.gy/public/assets/docs/lists/2023%20-%20Register%20of%20Voters%20for%20LGE%202023/D06/6.03-ENFIELD:NEW%20DOE%20PARK.pdf
6,East Berbice-Corentyne,6.03,ENFIELD/NEW DOE PARK,NDC,7,RAMBALLIE STREET - MACKBE SAWMILL STREET,RAMBALLIE STREET- MACKBE SAWMILL STREET,True,GECOM Register of Voters for LGE 2023,https://gecom.org.gy/public/assets/docs/lists/2023%20-%20Register%20of%20Voters%20for%20LGE%202023/D06/6.03-ENFIELD:NEW%20DOE%20PARK.pdf
6,East Berbice-Corentyne,6.03,ENFIELD/NEW DOE PARK,NDC,8,SAWMILL STREET - HEATHBURN,SAWMILL STREET - HEATHBURN,False,GECOM Register of Voters for LGE 2023,https://gecom.org.gy/public/assets/docs/lists/2023%20-%20Register%20of%20Voters%20for%20LGE%202023/D06/6.03-ENFIELD:NEW%20DOE%20PARK.pdf
6,East Berbice-Corentyne,6.04,MUNICIPALITY OF NEW AMSTERDAM,MUNICIPALITY,1,QUEENSTOWN - FORT ORDANCE - SMYTHFIELD,QUEENSTOWN - FORT ORDANCE - SMYTHFIELD,False,GECOM Register of Voters for LGE 2023,https://gecom.org.gy/public/assets/docs/lists/2023%20-%20Register%20of%20Voters%20for%20LGE%202023/D06/6.04-MUNICIPALITY%20OF%20NEW%20AMSTERDAM.pdf
6,East Berbice-Corentyne,6.04,MUNICIPALITY OF NEW AMSTERDAM,MUNICIPALITY,2,MOUNT SINAI CENTRAL & NORTH,MOUNT SINAI CENTRAL & NORTH,False,GECOM Register of Voters for LGE 2023,https://gecom.org.gy/public/assets/docs/lists/2023%20-%20Register%20of%20Voters%20for%20LGE%202023/D06/6.04-MUNICIPALITY%20OF%20NEW%20AMSTERDAM.pdf
6,East Berbice-Corentyne,6.04,MUNICIPALITY OF NEW AMSTERDAM,MUNICIPALITY,3,VRYMAN’S ERVEN - STANLEYTOWN SAVANNAH - MOUNT SINAI SOUTH,VRYMAN’S ERVEN - STANLEYTOWN SA V ANNAH - MOUNT SINAI SOUTH,True,GECOM Register of Voters for LGE 2023,https://gecom.org.gy/public/assets/docs/lists/2023%20-%20Register%20of%20Voters%20for%20LGE%202023/D06/6.04-MUNICIPALITY%20OF%20NEW%20AMSTERDAM.pdf
6,East Berbice-Corentyne,6.04,MUNICIPALITY OF NEW AMSTERDAM,MUNICIPALITY,4,STANLEYTOWN - 37/43 - 60,STANLEYTOWN -37/43-60,True,GECOM Register of Voters for LGE 2023,https://gecom.org.gy/public/assets/docs/lists/2023%20-%20Register%20of%20Voters%20for%20LGE%202023/D06/6.04-MUNICIPALITY%20OF%20NEW%20AMSTERDAM.pdf
6,East Berbice-Corentyne,6.04,MUNICIPALITY OF NEW AMSTERDAM,MUNICIPALITY,5,"STANLEYTOWN - 37/43 - POPE STREET,SMYTHSTOWN","STANLEYTOWN -37/43-POPE STREET,SMYTHSTOWN",True,GECOM Register of Voters for LGE 2023,https://gecom.org.gy/public/assets/docs/lists/2023%20-%20Register%20of%20Voters%20for%20LGE%202023/D06/6.04-MUNICIPALITY%20OF%20NEW%20AMSTERDAM.pdf
6,East Berbice-Corentyne,6.04,MUNICIPALITY OF NEW AMSTERDAM,MUNICIPALITY,6,SMYTHSTOWN - POPE STREET TO VRYHEID STREET,SMYTHSTOWN-POPE STREET TO VRYHEID STREET,True,GECOM Register of Voters for LGE 2023,https://gecom.org.gy/public/assets/docs/lists/2023%20-%20Register%20of%20Voters%20for%20LGE%202023/D06/6.04-MUNICIPALITY%20OF%20NEW%20AMSTERDAM.pdf
6,East Berbice-Corentyne,6.04,MUNICIPALITY OF NEW AMSTERDAM,MUNICIPALITY,7,OVERWINNING - GLASGOW,OVERWINNING - GLASGOW,False,GECOM Register of Voters for LGE 2023,https://gecom.org.gy/public/assets/docs/lists/2023%20-%20Register%20of%20Voters%20for%20LGE%202023/D06/6.04-MUNICIPALITY%20OF%20NEW%20AMSTERDAM.pdf
6,East Berbice-Corentyne,6.05,KINTYRE/NO. 37 BORLAM,NDC,1,KINTYRE - PALMYRA,KINTYRE - PALMYRA,False,GECOM Register of Voters for LGE 2023,https://gecom.org.gy/public/assets/docs/lists/2023%20-%20Register%20of%20Voters%20for%20LGE%202023/D06/6.05-KINTYRE:NO.%2037%20BORLAM.pdf
6,East Berbice-Corentyne,6.05,KINTYRE/NO. 37 BORLAM,NDC,2,BRAMFIELD - HERMITAGE,BRAMFIELD - HERMITAGE,False,GECOM Register of Voters for LGE 2023,https://gecom.org.gy/public/assets/docs/lists/2023%20-%20Register%20of%20Voters%20for%20LGE%202023/D06/6.05-KINTYRE:NO.%2037%20BORLAM.pdf
6,East Berbice-Corentyne,6.05,KINTYRE/NO. 37 BORLAM,NDC,3,SUSANNAH NORTH,SUSANNAH NORTH,False,GECOM Register of Voters for LGE 2023,https://gecom.org.gy/public/assets/docs/lists/2023%20-%20Register%20of%20Voters%20for%20LGE%202023/D06/6.05-KINTYRE:NO.%2037%20BORLAM.pdf
6,East Berbice-Corentyne,6.05,KINTYRE/NO. 37 BORLAM,NDC,4,SUSANNAH SOUTH - BOHEMIA,SUSANNAH SOUTH - BOHEMIA,False,GECOM Register of Voters for LGE 2023,https://gecom.org.gy/public/assets/docs/lists/2023%20-%20Register%20of%20Voters%20for%20LGE%202023/D06/6.05-KINTYRE:NO.%2037%20BORLAM.pdf
6,East Berbice-Corentyne,6.05,KINTYRE/NO. 37 BORLAM,NDC,5,KENDALLS SOUTH & WARREN SOUTH,KENDALLS SOUTH & WARREN SOUTH,False,GECOM Register of Voters for LGE 2023,https://gecom.org.gy/public/assets/docs/lists/2023%20-%20Register%20of%20Voters%20for%20LGE%202023/D06/6.05-KINTYRE:NO.%2037%20BORLAM.pdf
6,East Berbice-Corentyne,6.05,KINTYRE/NO. 37 BORLAM,NDC,6,KENDALLS NORTH,KENDALLS NORTH,False,GECOM Register of Voters for LGE 2023,https://gecom.org.gy/public/assets/docs/lists/2023%20-%20Register%20of%20Voters%20for%20LGE%202023/D06/6.05-KINTYRE:NO.%2037%20BORLAM.pdf
6,East Berbice-Corentyne,6.05,KINTYRE/NO. 37 BORLAM,NDC,7,WARREN NORTH,WARREN NORTH,False,GECOM Register of Voters for LGE 2023,https://gecom.org.gy/public/assets/docs/lists/2023%20-%20Register%20of%20Voters%20for%20LGE%202023/D06/6.05-KINTYRE:NO.%2037%20BORLAM.pdf
6,East Berbice-Corentyne,6.05,KINTYRE/NO. 37 BORLAM,NDC,8,DUN ROBIN - BORLAM,DUN ROBIN - BORLAM,False,GECOM Register of Voters for LGE 2023,https://gecom.org.gy/public/assets/docs/lists/2023%20-%20Register%20of%20Voters%20for%20LGE%202023/D06/6.05-KINTYRE:NO.%2037%20BORLAM.pdf
6,East Berbice-Corentyne,6.06,GIBRALTAR/FYRISH,NDC,1,GIBRALTAR - NO.0,GIBRALTAR - NO.0,False,GECOM Register of Voters for LGE 2023,https://gecom.org.gy/public/assets/docs/lists/2023%20-%20Register%20of%20Voters%20for%20LGE%202023/D06/6.06-GIBRALTAR:FYRISH.pdf
6,East Berbice-Corentyne,6.06,GIBRALTAR/FYRISH,NDC,2,NO.1,NO.1,False,GECOM Register of Voters for LGE 2023,https://gecom.org.gy/public/assets/docs/lists/2023%20-%20Register%20of%20Voters%20for%20LGE%202023/D06/6.06-GIBRALTAR:FYRISH.pdf
6,East Berbice-Corentyne,6.06,GIBRALTAR/FYRISH,NDC,3,COURTLAND (NORTH),COURTLAND (NORTH),False,GECOM Register of Voters for LGE 2023,https://gecom.org.gy/public/assets/docs/lists/2023%20-%20Register%20of%20Voters%20for%20LGE%202023/D06/6.06-GIBRALTAR:FYRISH.pdf
6,East Berbice-Corentyne,6.06,GIBRALTAR/FYRISH,NDC,4,COURTLAND (SOUTH),COURTLAND (SOUTH),False,GECOM Register of Voters for LGE 2023,https://gecom.org.gy/public/assets/docs/lists/2023%20-%20Register%20of%20Voters%20for%20LGE%202023/D06/6.06-GIBRALTAR:FYRISH.pdf
6,East Berbice-Corentyne,6.06,GIBRALTAR/FYRISH,NDC,5,FYRISH NORTH OF THE PUBLIC ROAD FROM BUSH DAM TO KOKER DAM,FYRISH NORTH OF THE PUBLIC ROAD FROM BUSH DAM TO KOKER DAM,False,GECOM Register of Voters for LGE 2023,https://gecom.org.gy/public/assets/docs/lists/2023%20-%20Register%20of%20Voters%20for%20LGE%202023/D06/6.06-GIBRALTAR:FYRISH.pdf
6,East Berbice-Corentyne,6.06,GIBRALTAR/FYRISH,NDC,6,FYRISH KOKER DAM TO KILCOY MARKET DAM,FYRISH KOKER DAM TO KILCOY MARKET DAM,False,GECOM Register of Voters for LGE 2023,https://gecom.org.gy/public/assets/docs/lists/2023%20-%20Register%20of%20Voters%20for%20LGE%202023/D06/6.06-GIBRALTAR:FYRISH.pdf
6,East Berbice-Corentyne,6.06,GIBRALTAR/FYRISH,NDC,7,FYRISH SOUTH – KILCOY DAM TO KOKER DAM,FYRISH SOUTH – KILCOY DAM TO KOKER DAM,False,GECOM Register of Voters for LGE 2023,https://gecom.org.gy/public/assets/docs/lists/2023%20-%20Register%20of%20Voters%20for%20LGE%202023/D06/6.06-GIBRALTAR:FYRISH.pdf
6,East Berbice-Corentyne,6.06,GIBRALTAR/FYRISH,NDC,8,FYRISH SOUTH KOKER DAM TO FYRISH ROAD,FYRISH SOUTH KOKER DAM TO FYRISH ROAD,False,GECOM Register of Voters for LGE 2023,https://gecom.org.gy/public/assets/docs/lists/2023%20-%20Register%20of%20Voters%20for%20LGE%202023/D06/6.06-GIBRALTAR:FYRISH.pdf
6,East Berbice-Corentyne,6.06,GIBRALTAR/FYRISH,NDC,9,FYRISH SOUTH - MIDDLE STREET TO MANICK OR 40 DAM,FYRISH SOUTH-MIDDLE STREET TO MANICK OR 40 DAM,True,GECOM Register of Voters for LGE 2023,https://gecom.org.gy/public/assets/docs/lists/2023%20-%20Register%20of%20Voters%20for%20LGE%202023/D06/6.06-GIBRALTAR:FYRISH.pdf
6,East Berbice-Corentyne,6.07,ORDNANCE/FORT LANDS NO.38,NDC,1,ORDNANCE/FORTLANDS,ORDNANCE/FORTLANDS,False,GECOM Register of Voters for LGE 2023,https://gecom.org.gy/public/assets/docs/lists/2023%20-%20Register%20of%20Voters%20for%20LGE%202023/D06/6.07-ORDNANCE:FORT%20LANDS%20NO.38.pdf
6,East Berbice-Corentyne,6.07,ORDNANCE/FORT LANDS NO.38,NDC,2,SHEET ANCHOR,SHEET ANCHOR,False,GECOM Register of Voters for LGE 2023,https://gecom.org.gy/public/assets/docs/lists/2023%20-%20Register%20of%20Voters%20for%20LGE%202023/D06/6.07-ORDNANCE:FORT%20LANDS%20NO.38.pdf
6,East Berbice-Corentyne,6.07,ORDNANCE/FORT LANDS NO.38,NDC,3,BURN BUSH DAM/MAIN STREET CUMBERLAND,BURN BUSH DAM/MAIN STREET CUMBERLAND,False,GECOM Register of Voters for LGE 2023,https://gecom.org.gy/public/assets/docs/lists/2023%20-%20Register%20of%20Voters%20for%20LGE%202023/D06/6.07-ORDNANCE:FORT%20LANDS%20NO.38.pdf
6,East Berbice-Corentyne,6.07,ORDNANCE/FORT LANDS NO.38,NDC,4,MAIN STREET CUMBERLAND/CANJE PUBLIC ROAD,MAIN STREET CUMBERLAND/CANJE PUBLIC ROAD,False,GECOM Register of Voters for LGE 2023,https://gecom.org.gy/public/assets/docs/lists/2023%20-%20Register%20of%20Voters%20for%20LGE%202023/D06/6.07-ORDNANCE:FORT%20LANDS%20NO.38.pdf
6,East Berbice-Corentyne,6.07,ORDNANCE/FORT LANDS NO.38,NDC,5,BETTER HOPE STREET/ARCHER STREET CUMBERLAND,BETTER HOPE STREET/ARCHER STREET CUMBERLAND,False,GECOM Register of Voters for LGE 2023,https://gecom.org.gy/public/assets/docs/lists/2023%20-%20Register%20of%20Voters%20for%20LGE%202023/D06/6.07-ORDNANCE:FORT%20LANDS%20NO.38.pdf
6,East Berbice-Corentyne,6.07,ORDNANCE/FORT LANDS NO.38,NDC,6,PALMYRA VILLAGE,PALMYRA VILLAGE,False,GECOM Register of Voters for LGE 2023,https://gecom.org.gy/public/assets/docs/lists/2023%20-%20Register%20of%20Voters%20for%20LGE%202023/D06/6.07-ORDNANCE:FORT%20LANDS%20NO.38.pdf
6,East Berbice-Corentyne,6.07,ORDNANCE/FORT LANDS NO.38,NDC,7,NO.2 VILLAGE NORTH,NO.2 VILLAGE NORTH,False,GECOM Register of Voters for LGE 2023,https://gecom.org.gy/public/assets/docs/lists/2023%20-%20Register%20of%20Voters%20for%20LGE%202023/D06/6.07-ORDNANCE:FORT%20LANDS%20NO.38.pdf
6,East Berbice-Corentyne,6.07,ORDNANCE/FORT LANDS NO.38,NDC,8,NO.2 VILLAGE SOUTH,NO.2 VILLAGE SOUTH,False,GECOM Register of Voters for LGE 2023,https://gecom.org.gy/public/assets/docs/lists/2023%20-%20Register%20of%20Voters%20for%20LGE%202023/D06/6.07-ORDNANCE:FORT%20LANDS%20NO.38.pdf
6,East Berbice-Corentyne,6.08,CANE FIELD/ENTERPRISE,NDC,1,CANEFIELD SETTLEMENT NORTH,CANEFIELD SETTLEMENT NORTH,False,GECOM Register of Voters for LGE 2023,https://gecom.org.gy/public/assets/docs/lists/2023%20-%20Register%20of%20Voters%20for%20LGE%202023/D06/6.08-CANE%20FIELD:ENTERPRISE.pdf
6,East Berbice-Corentyne,6.08,CANE FIELD/ENTERPRISE,NDC,2,CANEFIELD SETTLEMENT CENTRAL,CANEFIELD SETTLEMENT CENTRAL,False,GECOM Register of Voters for LGE 2023,https://gecom.org.gy/public/assets/docs/lists/2023%20-%20Register%20of%20Voters%20for%20LGE%202023/D06/6.08-CANE%20FIELD:ENTERPRISE.pdf
6,East Berbice-Corentyne,6.08,CANE FIELD/ENTERPRISE,NDC,3,CANEFIELD SETTLEMENT SOUTH,CANEFIELD SETTLEMENT SOUTH,False,GECOM Register of Voters for LGE 2023,https://gecom.org.gy/public/assets/docs/lists/2023%20-%20Register%20of%20Voters%20for%20LGE%202023/D06/6.08-CANE%20FIELD:ENTERPRISE.pdf
6,East Berbice-Corentyne,6.08,CANE FIELD/ENTERPRISE,NDC,4,ROSE HALL CANJE - RELIANCE - ADELPHI WEST,ROSE HALL CANJE - RELIANCE- ADELPHI WEST,True,GECOM Register of Voters for LGE 2023,https://gecom.org.gy/public/assets/docs/lists/2023%20-%20Register%20of%20Voters%20for%20LGE%202023/D06/6.08-CANE%20FIELD:ENTERPRISE.pdf
6,East Berbice-Corentyne,6.08,CANE FIELD/ENTERPRISE,NDC,5,ADELPHI SETTLEMENT - ADELPHI VILLAGE,ADELPHI SETTLEMENT - ADELPHI VILLAGE,False,GECOM Register of Voters for LGE 2023,https://gecom.org.gy/public/assets/docs/lists/2023%20-%20Register%20of%20Voters%20for%20LGE%202023/D06/6.08-CANE%20FIELD:ENTERPRISE.pdf
6,East Berbice-Corentyne,6.08,CANE FIELD/ENTERPRISE,NDC,6,GOED BANANEN LAND,GOED BANANEN LAND,False,GECOM Register of Voters for LGE 2023,https://gecom.org.gy/public/assets/docs/lists/2023%20-%20Register%20of%20Voters%20for%20LGE%202023/D06/6.08-CANE%20FIELD:ENTERPRISE.pdf
6,East Berbice-Corentyne,6.08,CANE FIELD/ENTERPRISE,NDC,7,BETSY GROUND,BETSY GROUND,False,GECOM Register of Voters for LGE 2023,https://gecom.org.gy/public/assets/docs/lists/2023%20-%20Register%20of%20Voters%20for%20LGE%202023/D06/6.08-CANE%20FIELD:ENTERPRISE.pdf
6,East Berbice-Corentyne,6.08,CANE FIELD/ENTERPRISE,NDC,8,GANGARAM,GANGARAM,False,GECOM Register of Voters for LGE 2023,https://gecom.org.gy/public/assets/docs/lists/2023%20-%20Register%20of%20Voters%20for%20LGE%202023/D06/6.08-CANE%20FIELD:ENTERPRISE.pdf
6,East Berbice-Corentyne,6.09,KILCOY/HAMPSHIRE,NDC,1,KILCOY (NORTH),KILCOY (NORTH),False,GECOM Register of Voters for LGE 2023,https://gecom.org.gy/public/assets/docs/lists/2023%20-%20Register%20of%20Voters%20for%20LGE%202023/D06/6.09-KILCOY:HAMPSHIRE.pdf
6,East Berbice-Corentyne,6.09,KILCOY/HAMPSHIRE,NDC,2,KILCOY (SOUTH),KILCOY (SOUTH),False,GECOM Register of Voters for LGE 2023,https://gecom.org.gy/public/assets/docs/lists/2023%20-%20Register%20of%20Voters%20for%20LGE%202023/D06/6.09-KILCOY:HAMPSHIRE.pdf
6,East Berbice-Corentyne,6.09,KILCOY/HAMPSHIRE,NDC,3,ALBION,ALBION,False,GECOM Register of Voters for LGE 2023,https://gecom.org.gy/public/assets/docs/lists/2023%20-%20Register%20of%20Voters%20for%20LGE%202023/D06/6.09-KILCOY:HAMPSHIRE.pdf
6,East Berbice-Corentyne,6.09,KILCOY/HAMPSHIRE,NDC,4,NIGG (NORTH),NIGG (NORTH),False,GECOM Register of Voters for LGE 2023,https://gecom.org.gy/public/assets/docs/lists/2023%20-%20Register%20of%20Voters%20for%20LGE%202023/D06/6.09-KILCOY:HAMPSHIRE.pdf
6,East Berbice-Corentyne,6.09,KILCOY/HAMPSHIRE,NDC,5,NIGG (SOUTH),NIGG (SOUTH),False,GECOM Register of Voters for LGE 2023,https://gecom.org.gy/public/assets/docs/lists/2023%20-%20Register%20of%20Voters%20for%20LGE%202023/D06/6.09-KILCOY:HAMPSHIRE.pdf
6,East Berbice-Corentyne,6.09,KILCOY/HAMPSHIRE,NDC,6,BELVEDERE (WEST),BELVEDERE (WEST),False,GECOM Register of Voters for LGE 2023,https://gecom.org.gy/public/assets/docs/lists/2023%20-%20Register%20of%20Voters%20for%20LGE%202023/D06/6.09-KILCOY:HAMPSHIRE.pdf
6,East Berbice-Corentyne,6.09,KILCOY/HAMPSHIRE,NDC,7,BELVEDERE (EAST),BELVEDERE (EAST),False,GECOM Register of Voters for LGE 2023,https://gecom.org.gy/public/assets/docs/lists/2023%20-%20Register%20of%20Voters%20for%20LGE%202023/D06/6.09-KILCOY:HAMPSHIRE.pdf
6,East Berbice-Corentyne,6.09,KILCOY/HAMPSHIRE,NDC,8,HAMPSHIRE,HAMPSHIRE,False,GECOM Register of Voters for LGE 2023,https://gecom.org.gy/public/assets/docs/lists/2023%20-%20Register%20of%20Voters%20for%20LGE%202023/D06/6.09-KILCOY:HAMPSHIRE.pdf
6,East Berbice-Corentyne,6.10,MUNICIPALITY OF ROSE HALL,MUNICIPALITY,1,WILLIAMSBURG NORTH,WILLIAMSBURG NORTH,False,GECOM Register of Voters for LGE 2023,https://gecom.org.gy/public/assets/docs/lists/2023%20-%20Register%20of%20Voters%20for%20LGE%202023/D06/6.10-MUNICIPALITY%20OF%20ROSE%20HALL.pdf
6,East Berbice-Corentyne,6.10,MUNICIPALITY OF ROSE HALL,MUNICIPALITY,2,WILLIAMSBURG CENTRAL,WILLIAMSBURG CENTRAL,False,GECOM Register of Voters for LGE 2023,https://gecom.org.gy/public/assets/docs/lists/2023%20-%20Register%20of%20Voters%20for%20LGE%202023/D06/6.10-MUNICIPALITY%20OF%20ROSE%20HALL.pdf
6,East Berbice-Corentyne,6.10,MUNICIPALITY OF ROSE HALL,MUNICIPALITY,3,WILLIAMSBURG SOUTH,WILLIAMSBURG SOUTH,False,GECOM Register of Voters for LGE 2023,https://gecom.org.gy/public/assets/docs/lists/2023%20-%20Register%20of%20Voters%20for%20LGE%202023/D06/6.10-MUNICIPALITY%20OF%20ROSE%20HALL.pdf
6,East Berbice-Corentyne,6.10,MUNICIPALITY OF ROSE HALL,MUNICIPALITY,4,ROSE HALL LOWER NORTHWEST,ROSE HALL LOWER NORTHWEST,False,GECOM Register of Voters for LGE 2023,https://gecom.org.gy/public/assets/docs/lists/2023%20-%20Register%20of%20Voters%20for%20LGE%202023/D06/6.10-MUNICIPALITY%20OF%20ROSE%20HALL.pdf
6,East Berbice-Corentyne,6.10,MUNICIPALITY OF ROSE HALL,MUNICIPALITY,5,ROSE HALL UPPER NORTHWEST,ROSE HALL UPPER NORTHWEST,False,GECOM Register of Voters for LGE 2023,https://gecom.org.gy/public/assets/docs/lists/2023%20-%20Register%20of%20Voters%20for%20LGE%202023/D06/6.10-MUNICIPALITY%20OF%20ROSE%20HALL.pdf
6,East Berbice-Corentyne,6.10,MUNICIPALITY OF ROSE HALL,MUNICIPALITY,6,ROSE HALL NORTH EAST,ROSE HALL NORTH EAST,False,GECOM Register of Voters for LGE 2023,https://gecom.org.gy/public/assets/docs/lists/2023%20-%20Register%20of%20Voters%20for%20LGE%202023/D06/6.10-MUNICIPALITY%20OF%20ROSE%20HALL.pdf
6,East Berbice-Corentyne,6.10,MUNICIPALITY OF ROSE HALL,MUNICIPALITY,7,ROSE HALL CENTRAL,ROSE HALL CENTRAL,False,GECOM Register of Voters for LGE 2023,https://gecom.org.gy/public/assets/docs/lists/2023%20-%20Register%20of%20Voters%20for%20LGE%202023/D06/6.10-MUNICIPALITY%20OF%20ROSE%20HALL.pdf
6,East Berbice-Corentyne,6.11,PORT MOURANT/JOHNS,NDC,1,PORT MOURANT NORTH,PORT MOURANT NORTH,False,GECOM Register of Voters for LGE 2023,https://gecom.org.gy/public/assets/docs/lists/2023%20-%20Register%20of%20Voters%20for%20LGE%202023/D06/6.11-PORT%20MOURANT:JOHNS.pdf
6,East Berbice-Corentyne,6.11,PORT MOURANT/JOHNS,NDC,2,PORT MOURANT SOUTH,PORT MOURANT SOUTH,False,GECOM Register of Voters for LGE 2023,https://gecom.org.gy/public/assets/docs/lists/2023%20-%20Register%20of%20Voters%20for%20LGE%202023/D06/6.11-PORT%20MOURANT:JOHNS.pdf
6,East Berbice-Corentyne,6.11,PORT MOURANT/JOHNS,NDC,3,HASWELL,HASWELL,False,GECOM Register of Voters for LGE 2023,https://gecom.org.gy/public/assets/docs/lists/2023%20-%20Register%20of%20Voters%20for%20LGE%202023/D06/6.11-PORT%20MOURANT:JOHNS.pdf
6,East Berbice-Corentyne,6.11,PORT MOURANT/JOHNS,NDC,4,ANKERVILLE,ANKERVILLE,False,GECOM Register of Voters for LGE 2023,https://gecom.org.gy/public/assets/docs/lists/2023%20-%20Register%20of%20Voters%20for%20LGE%202023/D06/6.11-PORT%20MOURANT:JOHNS.pdf
6,East Berbice-Corentyne,6.11,PORT MOURANT/JOHNS,NDC,5,RESOURCE,RESOURCE,False,GECOM Register of Voters for LGE 2023,https://gecom.org.gy/public/assets/docs/lists/2023%20-%20Register%20of%20Voters%20for%20LGE%202023/D06/6.11-PORT%20MOURANT:JOHNS.pdf
6,East Berbice-Corentyne,6.11,PORT MOURANT/JOHNS,NDC,6,TAIN NORTH,TAIN NORTH,False,GECOM Register of Voters for LGE 2023,https://gecom.org.gy/public/assets/docs/lists/2023%20-%20Register%20of%20Voters%20for%20LGE%202023/D06/6.11-PORT%20MOURANT:JOHNS.pdf
6,East Berbice-Corentyne,6.11,PORT MOURANT/JOHNS,NDC,7,CLIFTON NORTH,CLIFTON NORTH,False,GECOM Register of Voters for LGE 2023,https://gecom.org.gy/public/assets/docs/lists/2023%20-%20Register%20of%20Voters%20for%20LGE%202023/D06/6.11-PORT%20MOURANT:JOHNS.pdf
6,East Berbice-Corentyne,6.11,PORT MOURANT/JOHNS,NDC,8,JOHNS NORTH,JOHNS NORTH,False,GECOM Register of Voters for LGE 2023,https://gecom.org.gy/public/assets/docs/lists/2023%20-%20Register%20of%20Voters%20for%20LGE%202023/D06/6.11-PORT%20MOURANT:JOHNS.pdf
6,East Berbice-Corentyne,6.11,PORT MOURANT/JOHNS,NDC,9,RESOURCE SUGAR LANDS - JOHNS SOUTH,RESOURCE SUGAR LANDS-JOHNS SOUTH,True,GECOM Register of Voters for LGE 2023,https://gecom.org.gy/public/assets/docs/lists/2023%20-%20Register%20of%20Voters%20for%20LGE%202023/D06/6.11-PORT%20MOURANT:JOHNS.pdf
6,East Berbice-Corentyne,6.12,BLOOMFIELD/WHIM,NDC,1,BLOOMFIELD NORTH,BLOOMFIELD NORTH,False,GECOM Register of Voters for LGE 2023,https://gecom.org.gy/public/assets/docs/lists/2023%20-%20Register%20of%20Voters%20for%20LGE%202023/D06/6.12-BLOOMFIELD:WHIM.pdf
6,East Berbice-Corentyne,6.12,BLOOMFIELD/WHIM,NDC,2,BLOOMFIELD SOUTH,BLOOMFIELD SOUTH,False,GECOM Register of Voters for LGE 2023,https://gecom.org.gy/public/assets/docs/lists/2023%20-%20Register%20of%20Voters%20for%20LGE%202023/D06/6.12-BLOOMFIELD:WHIM.pdf
6,East Berbice-Corentyne,6.12,BLOOMFIELD/WHIM,NDC,3,LETTER KENNY NORTH,LETTER KENNY NORTH,False,GECOM Register of Voters for LGE 2023,https://gecom.org.gy/public/assets/docs/lists/2023%20-%20Register%20of%20Voters%20for%20LGE%202023/D06/6.12-BLOOMFIELD:WHIM.pdf
6,East Berbice-Corentyne,6.12,BLOOMFIELD/WHIM,NDC,4,LETTER KENNY SOUTH,LETTER KENNY SOUTH,False,GECOM Register of Voters for LGE 2023,https://gecom.org.gy/public/assets/docs/lists/2023%20-%20Register%20of%20Voters%20for%20LGE%202023/D06/6.12-BLOOMFIELD:WHIM.pdf
6,East Berbice-Corentyne,6.12,BLOOMFIELD/WHIM,NDC,5,AUCHLYNE,AUCHLYNE,False,GECOM Register of Voters for LGE 2023,https://gecom.org.gy/public/assets/docs/lists/2023%20-%20Register%20of%20Voters%20for%20LGE%202023/D06/6.12-BLOOMFIELD:WHIM.pdf
6,East Berbice-Corentyne,6.12,BLOOMFIELD/WHIM,NDC,6,WHIM NORTHWEST,WHIM NORTHWEST,False,GECOM Register of Voters for LGE 2023,https://gecom.org.gy/public/assets/docs/lists/2023%20-%20Register%20of%20Voters%20for%20LGE%202023/D06/6.12-BLOOMFIELD:WHIM.pdf
6,East Berbice-Corentyne,6.12,BLOOMFIELD/WHIM,NDC,7,WHIM NORTHEAST & SOUTH,WHIM NORTHEAST & SOUTH,False,GECOM Register of Voters for LGE 2023,https://gecom.org.gy/public/assets/docs/lists/2023%20-%20Register%20of%20Voters%20for%20LGE%202023/D06/6.12-BLOOMFIELD:WHIM.pdf
6,East Berbice-Corentyne,6.13,LANCASTER/HOGSTYE,NDC,1,LANCASTER,LANCASTER,False,GECOM Register of Voters for LGE 2023,https://gecom.org.gy/public/assets/docs/lists/2023%20-%20Register%20of%20Voters%20for%20LGE%202023/D06/6.13-LANCASTER:HOGSTYE.pdf
6,East Berbice-Corentyne,6.13,LANCASTER/HOGSTYE,NDC,2,LIVERPOOL,LIVERPOOL,False,GECOM Register of Voters for LGE 2023,https://gecom.org.gy/public/assets/docs/lists/2023%20-%20Register%20of%20Voters%20for%20LGE%202023/D06/6.13-LANCASTER:HOGSTYE.pdf
6,East Berbice-Corentyne,6.13,LANCASTER/HOGSTYE,NDC,3,MANCHESTER,MANCHESTER,False,GECOM Register of Voters for LGE 2023,https://gecom.org.gy/public/assets/docs/lists/2023%20-%20Register%20of%20Voters%20for%20LGE%202023/D06/6.13-LANCASTER:HOGSTYE.pdf
6,East Berbice-Corentyne,6.13,LANCASTER/HOGSTYE,NDC,4,ULVERSTON,ULVERSTON,False,GECOM Register of Voters for LGE 2023,https://gecom.org.gy/public/assets/docs/lists/2023%20-%20Register%20of%20Voters%20for%20LGE%202023/D06/6.13-LANCASTER:HOGSTYE.pdf
6,East Berbice-Corentyne,6.13,LANCASTER/HOGSTYE,NDC,5,ALNESS (NORTH),ALNESS (NORTH),False,GECOM Register of Voters for LGE 2023,https://gecom.org.gy/public/assets/docs/lists/2023%20-%20Register%20of%20Voters%20for%20LGE%202023/D06/6.13-LANCASTER:HOGSTYE.pdf
6,East Berbice-Corentyne,6.13,LANCASTER/HOGSTYE,NDC,6,ALNESS (SOUTH),ALNESS (SOUTH),False,GECOM Register of Voters for LGE 2023,https://gecom.org.gy/public/assets/docs/lists/2023%20-%20Register%20of%20Voters%20for%20LGE%202023/D06/6.13-LANCASTER:HOGSTYE.pdf
6,East Berbice-Corentyne,6.13,LANCASTER/HOGSTYE,NDC,7,SALTON - HOGSTYE,SALTON - HOGSTYE,False,GECOM Register of Voters for LGE 2023,https://gecom.org.gy/public/assets/docs/lists/2023%20-%20Register%20of%20Voters%20for%20LGE%202023/D06/6.13-LANCASTER:HOGSTYE.pdf
6,East Berbice-Corentyne,6.14,ADVENTURE/NO. 28 OR BUSH LOT,NDC,1,ADVENTURE/LIMLAIR,ADVENTURE/LIMLAIR,False,GECOM Register of Voters for LGE 2023,https://gecom.org.gy/public/assets/docs/lists/2023%20-%20Register%20of%20Voters%20for%20LGE%202023/D06/6.14-ADVENTURE:NO.%2028%20OR%20BUSH%20LOT.pdf
6,East Berbice-Corentyne,6.14,ADVENTURE/NO. 28 OR BUSH LOT,NDC,2,FRIENDSHIP,FRIENDSHIP,False,GECOM Register of Voters for LGE 2023,https://gecom.org.gy/public/assets/docs/lists/2023%20-%20Register%20of%20Voters%20for%20LGE%202023/D06/6.14-ADVENTURE:NO.%2028%20OR%20BUSH%20LOT.pdf
6,East Berbice-Corentyne,6.14,ADVENTURE/NO. 28 OR BUSH LOT,NDC,3,NURNEY,NURNEY,False,GECOM Register of Voters for LGE 2023,https://gecom.org.gy/public/assets/docs/lists/2023%20-%20Register%20of%20Voters%20for%20LGE%202023/D06/6.14-ADVENTURE:NO.%2028%20OR%20BUSH%20LOT.pdf
6,East Berbice-Corentyne,6.14,ADVENTURE/NO. 28 OR BUSH LOT,NDC,4,KILDONAN,KILDONAN,False,GECOM Register of Voters for LGE 2023,https://gecom.org.gy/public/assets/docs/lists/2023%20-%20Register%20of%20Voters%20for%20LGE%202023/D06/6.14-ADVENTURE:NO.%2028%20OR%20BUSH%20LOT.pdf
6,East Berbice-Corentyne,6.14,ADVENTURE/NO. 28 OR BUSH LOT,NDC,5,BUSHLOT (NORTH),BUSHLOT (NORTH),False,GECOM Register of Voters for LGE 2023,https://gecom.org.gy/public/assets/docs/lists/2023%20-%20Register%20of%20Voters%20for%20LGE%202023/D06/6.14-ADVENTURE:NO.%2028%20OR%20BUSH%20LOT.pdf
6,East Berbice-Corentyne,6.14,ADVENTURE/NO. 28 OR BUSH LOT,NDC,6,BUSHLOT (SOUTH),BUSHLOT (SOUTH),False,GECOM Register of Voters for LGE 2023,https://gecom.org.gy/public/assets/docs/lists/2023%20-%20Register%20of%20Voters%20for%20LGE%202023/D06/6.14-ADVENTURE:NO.%2028%20OR%20BUSH%20LOT.pdf
6,East Berbice-Corentyne,6.14,ADVENTURE/NO. 28 OR BUSH LOT,NDC,7,BUSHLOT FARM,BUSHLOT FARM,False,GECOM Register of Voters for LGE 2023,https://gecom.org.gy/public/assets/docs/lists/2023%20-%20Register%20of%20Voters%20for%20LGE%202023/D06/6.14-ADVENTURE:NO.%2028%20OR%20BUSH%20LOT.pdf
6,East Berbice-Corentyne,6.15,MAIDA/TARLOGIE,NDC,1,MAIDA,MAIDA,False,GECOM Register of Voters for LGE 2023,https://gecom.org.gy/public/assets/docs/lists/2023%20-%20Register%20of%20Voters%20for%20LGE%202023/D06/6.15-MAIDA:TARLOGIE.pdf
6,East Berbice-Corentyne,6.15,MAIDA/TARLOGIE,NDC,2,KILMARNOCK,KILMARNOCK,False,GECOM Register of Voters for LGE 2023,https://gecom.org.gy/public/assets/docs/lists/2023%20-%20Register%20of%20Voters%20for%20LGE%202023/D06/6.15-MAIDA:TARLOGIE.pdf
6,East Berbice-Corentyne,6.15,MAIDA/TARLOGIE,NDC,3,PHILLIPI,PHILLIPI,False,GECOM Register of Voters for LGE 2023,https://gecom.org.gy/public/assets/docs/lists/2023%20-%20Register%20of%20Voters%20for%20LGE%202023/D06/6.15-MAIDA:TARLOGIE.pdf
6,East Berbice-Corentyne,6.15,MAIDA/TARLOGIE,NDC,4,CROMARTY,CROMARTY,False,GECOM Register of Voters for LGE 2023,https://gecom.org.gy/public/assets/docs/lists/2023%20-%20Register%20of%20Voters%20for%20LGE%202023/D06/6.15-MAIDA:TARLOGIE.pdf
6,East Berbice-Corentyne,6.15,MAIDA/TARLOGIE,NDC,5,WELLINGTON PARK,WELLINGTON PARK,False,GECOM Register of Voters for LGE 2023,https://gecom.org.gy/public/assets/docs/lists/2023%20-%20Register%20of%20Voters%20for%20LGE%202023/D06/6.15-MAIDA:TARLOGIE.pdf
6,East Berbice-Corentyne,6.15,MAIDA/TARLOGIE,NDC,6,TARLOGIE,TARLOGIE,False,GECOM Register of Voters for LGE 2023,https://gecom.org.gy/public/assets/docs/lists/2023%20-%20Register%20of%20Voters%20for%20LGE%202023/D06/6.15-MAIDA:TARLOGIE.pdf
6,East Berbice-Corentyne,6.16,MACEDONIA/JOPPA,NDC,1,NO.35 & NO.36,NO.35 & NO.36,False,GECOM Register of Voters for LGE 2023,https://gecom.org.gy/public/assets/docs/lists/2023%20-%20Register%20of%20Voters%20for%20LGE%202023/D06/6.16-MACEDONIA:JOPPA.pdf
6,East Berbice-Corentyne,6.16,MACEDONIA/JOPPA,NDC,2,BRIGHTON,BRIGHTON,False,GECOM Register of Voters for LGE 2023,https://gecom.org.gy/public/assets/docs/lists/2023%20-%20Register%20of%20Voters%20for%20LGE%202023/D06/6.16-MACEDONIA:JOPPA.pdf
6,East Berbice-Corentyne,6.16,MACEDONIA/JOPPA,NDC,3,KILTEARN,KILTEARN,False,GECOM Register of Voters for LGE 2023,https://gecom.org.gy/public/assets/docs/lists/2023%20-%20Register%20of%20Voters%20for%20LGE%202023/D06/6.16-MACEDONIA:JOPPA.pdf
6,East Berbice-Corentyne,6.16,MACEDONIA/JOPPA,NDC,4,EVERSHAM - DINGWALL,EVERSHAM - DINGWALL,False,GECOM Register of Voters for LGE 2023,https://gecom.org.gy/public/assets/docs/lists/2023%20-%20Register%20of%20Voters%20for%20LGE%202023/D06/6.16-MACEDONIA:JOPPA.pdf
6,East Berbice-Corentyne,6.16,MACEDONIA/JOPPA,NDC,5,JA V A - JOPPA (NORTH),JA V A - JOPPA (NORTH),False,GECOM Register of Voters for LGE 2023,https://gecom.org.gy/public/assets/docs/lists/2023%20-%20Register%20of%20Voters%20for%20LGE%202023/D06/6.16-MACEDONIA:JOPPA.pdf
6,East Berbice-Corentyne,6.16,MACEDONIA/JOPPA,NDC,6,JA V A - JOPPA (SOUTH),JA V A - JOPPA (SOUTH),False,GECOM Register of Voters for LGE 2023,https://gecom.org.gy/public/assets/docs/lists/2023%20-%20Register%20of%20Voters%20for%20LGE%202023/D06/6.16-MACEDONIA:JOPPA.pdf
6,East Berbice-Corentyne,6.17,BLACK BUSH POLDER,NDC,1,LESBEHOLDEN NORTH,LESBEHOLDEN NORTH,False,GECOM Register of Voters for LGE 2023,https://gecom.org.gy/public/assets/docs/lists/2023%20-%20Register%20of%20Voters%20for%20LGE%202023/D06/6.17-BLACK%20BUSH%20POLDER.pdf
6,East Berbice-Corentyne,6.17,BLACK BUSH POLDER,NDC,2,LESBEHOLDEN SOUTH,LESBEHOLDEN SOUTH,False,GECOM Register of Voters for LGE 2023,https://gecom.org.gy/public/assets/docs/lists/2023%20-%20Register%20of%20Voters%20for%20LGE%202023/D06/6.17-BLACK%20BUSH%20POLDER.pdf
6,East Berbice-Corentyne,6.17,BLACK BUSH POLDER,NDC,3,MIBIKURI NORTH,MIBIKURI NORTH,False,GECOM Register of Voters for LGE 2023,https://gecom.org.gy/public/assets/docs/lists/2023%20-%20Register%20of%20Voters%20for%20LGE%202023/D06/6.17-BLACK%20BUSH%20POLDER.pdf
6,East Berbice-Corentyne,6.17,BLACK BUSH POLDER,NDC,4,MIBIKURI SOUTH,MIBIKURI SOUTH,False,GECOM Register of Voters for LGE 2023,https://gecom.org.gy/public/assets/docs/lists/2023%20-%20Register%20of%20Voters%20for%20LGE%202023/D06/6.17-BLACK%20BUSH%20POLDER.pdf
6,East Berbice-Corentyne,6.17,BLACK BUSH POLDER,NDC,5,MIBIKURI SOUTH,MIBIKURI SOUTH,False,GECOM Register of Voters for LGE 2023,https://gecom.org.gy/public/assets/docs/lists/2023%20-%20Register%20of%20Voters%20for%20LGE%202023/D06/6.17-BLACK%20BUSH%20POLDER.pdf
6,East Berbice-Corentyne,6.17,BLACK BUSH POLDER,NDC,6,JOHANNA SOUTH,JOHANNA SOUTH,False,GECOM Register of Voters for LGE 2023,https://gecom.org.gy/public/assets/docs/lists/2023%20-%20Register%20of%20Voters%20for%20LGE%202023/D06/6.17-BLACK%20BUSH%20POLDER.pdf
6,East Berbice-Corentyne,6.17,BLACK BUSH POLDER,NDC,7,JOHANNA NORTH,JOHANNA NORTH,False,GECOM Register of Voters for LGE 2023,https://gecom.org.gy/public/assets/docs/lists/2023%20-%20Register%20of%20Voters%20for%20LGE%202023/D06/6.17-BLACK%20BUSH%20POLDER.pdf
6,East Berbice-Corentyne,6.17,BLACK BUSH POLDER,NDC,8,YAKUSARI NORTH,YAKUSARI NORTH,False,GECOM Register of Voters for LGE 2023,https://gecom.org.gy/public/assets/docs/lists/2023%20-%20Register%20of%20Voters%20for%20LGE%202023/D06/6.17-BLACK%20BUSH%20POLDER.pdf
6,East Berbice-Corentyne,6.17,BLACK BUSH POLDER,NDC,9,YAKUSARI SOUTH,YAKUSARI SOUTH,False,GECOM Register of Voters for LGE 2023,https://gecom.org.gy/public/assets/docs/lists/2023%20-%20Register%20of%20Voters%20for%20LGE%202023/D06/6.17-BLACK%20BUSH%20POLDER.pdf
6,East Berbice-Corentyne,6.18,GOOD HOPE/NO. 51,NDC,1,GOOD HOPE NO.44 - 45,GOOD HOPE NO.44 - 45,False,GECOM Register of Voters for LGE 2023,https://gecom.org.gy/public/assets/docs/lists/2023%20-%20Register%20of%20Voters%20for%20LGE%202023/D06/6.18-GOOD%20HOPE:NO.%2051.pdf
6,East Berbice-Corentyne,6.18,GOOD HOPE/NO. 51,NDC,2,NO.46,NO.46,False,GECOM Register of Voters for LGE 2023,https://gecom.org.gy/public/assets/docs/lists/2023%20-%20Register%20of%20Voters%20for%20LGE%202023/D06/6.18-GOOD%20HOPE:NO.%2051.pdf
6,East Berbice-Corentyne,6.18,GOOD HOPE/NO. 51,NDC,3,RISING SUN (NO.47),RISING SUN (NO.47),False,GECOM Register of Voters for LGE 2023,https://gecom.org.gy/public/assets/docs/lists/2023%20-%20Register%20of%20Voters%20for%20LGE%202023/D06/6.18-GOOD%20HOPE:NO.%2051.pdf
6,East Berbice-Corentyne,6.18,GOOD HOPE/NO. 51,NDC,4,FLOYD WARD (NO.48),FLOYD WARD (NO.48),False,GECOM Register of Voters for LGE 2023,https://gecom.org.gy/public/assets/docs/lists/2023%20-%20Register%20of%20Voters%20for%20LGE%202023/D06/6.18-GOOD%20HOPE:NO.%2051.pdf
6,East Berbice-Corentyne,6.18,GOOD HOPE/NO. 51,NDC,5,NO.49 & NO.50 (NORTH),NO.49 & NO.50 (NORTH),False,GECOM Register of Voters for LGE 2023,https://gecom.org.gy/public/assets/docs/lists/2023%20-%20Register%20of%20Voters%20for%20LGE%202023/D06/6.18-GOOD%20HOPE:NO.%2051.pdf
6,East Berbice-Corentyne,6.18,GOOD HOPE/NO. 51,NDC,6,NO.49 - NO.50 (SOUTH),NO.49 - NO.50 (SOUTH),False,GECOM Register of Voters for LGE 2023,https://gecom.org.gy/public/assets/docs/lists/2023%20-%20Register%20of%20Voters%20for%20LGE%202023/D06/6.18-GOOD%20HOPE:NO.%2051.pdf
6,East Berbice-Corentyne,6.18,GOOD HOPE/NO. 51,NDC,7,NO.51,NO.51,False,GECOM Register of Voters for LGE 2023,https://gecom.org.gy/public/assets/docs/lists/2023%20-%20Register%20of%20Voters%20for%20LGE%202023/D06/6.18-GOOD%20HOPE:NO.%2051.pdf
6,East Berbice-Corentyne,6.19,NO.52/NO.63,NDC,1,NO.52 – NO.0 VILLAGE,NO.52 – NO.0 VILLAGE,False,GECOM Register of Voters for LGE 2023,https://gecom.org.gy/public/assets/docs/lists/2023%20-%20Register%20of%20Voters%20for%20LGE%202023/D06/6.19-NO.52:NO.63.pdf
6,East Berbice-Corentyne,6.19,NO.52/NO.63,NDC,2,NO.55 – 58 VILLAGE,NO.55 – 58 VILLAGE,False,GECOM Register of Voters for LGE 2023,https://gecom.org.gy/public/assets/docs/lists/2023%20-%20Register%20of%20Voters%20for%20LGE%202023/D06/6.19-NO.52:NO.63.pdf
6,East Berbice-Corentyne,6.19,NO.52/NO.63,NDC,3,NO.59– 60 VILLAGE,NO.59– 60 VILLAGE,False,GECOM Register of Voters for LGE 2023,https://gecom.org.gy/public/assets/docs/lists/2023%20-%20Register%20of%20Voters%20for%20LGE%202023/D06/6.19-NO.52:NO.63.pdf
6,East Berbice-Corentyne,6.19,NO.52/NO.63,NDC,4,NO.61 – 63 VILLAGE,NO.61 – 63 VILLAGE,False,GECOM Register of Voters for LGE 2023,https://gecom.org.gy/public/assets/docs/lists/2023%20-%20Register%20of%20Voters%20for%20LGE%202023/D06/6.19-NO.52:NO.63.pdf
6,East Berbice-Corentyne,6.20,NO. 64/NO. 74,NDC,1,NO.64 VILLAGE,NO.64 VILLAGE,False,GECOM Register of Voters for LGE 2023,https://gecom.org.gy/public/assets/docs/lists/2023%20-%20Register%20of%20Voters%20for%20LGE%202023/D06/6.20-NO.%2064:NO.%2074.pdf
6,East Berbice-Corentyne,6.20,NO. 64/NO. 74,NDC,2,NO.65 - 67 VILLAGE,NO.65 - 67 VILLAGE,False,GECOM Register of Voters for LGE 2023,https://gecom.org.gy/public/assets/docs/lists/2023%20-%20Register%20of%20Voters%20for%20LGE%202023/D06/6.20-NO.%2064:NO.%2074.pdf
6,East Berbice-Corentyne,6.20,NO. 64/NO. 74,NDC,3,NO.68/69 VILLAGE,NO.68/69 VILLAGE,False,GECOM Register of Voters for LGE 2023,https://gecom.org.gy/public/assets/docs/lists/2023%20-%20Register%20of%20Voters%20for%20LGE%202023/D06/6.20-NO.%2064:NO.%2074.pdf
6,East Berbice-Corentyne,6.20,NO. 64/NO. 74,NDC,4,NO.70/71 VILLAGE,NO.70/71 VILLAGE,False,GECOM Register of Voters for LGE 2023,https://gecom.org.gy/public/assets/docs/lists/2023%20-%20Register%20of%20Voters%20for%20LGE%202023/D06/6.20-NO.%2064:NO.%2074.pdf
6,East Berbice-Corentyne,6.20,NO. 64/NO. 74,NDC,5,NO.72 – 74 VILLAGE,NO.72 – 74 VILLAGE,False,GECOM Register of Voters for LGE 2023,https://gecom.org.gy/public/assets/docs/lists/2023%20-%20Register%20of%20Voters%20for%20LGE%202023/D06/6.20-NO.%2064:NO.%2074.pdf
6,East Berbice-Corentyne,6.21,CRABWOOD CREEK/MOLESON,NDC,1,GRANT 1804 & GRANT 1806,GRANT 1804 & GRANT 1806,False,GECOM Register of Voters for LGE 2023,https://gecom.org.gy/public/assets/docs/lists/2023%20-%20Register%20of%20Voters%20for%20LGE%202023/D06/6.21-CRABWOOD%20CREEK:MOLESON.pdf
6,East Berbice-Corentyne,6.21,CRABWOOD CREEK/MOLESON,NDC,2,GRANT 1805,GRANT 1805,False,GECOM Register of Voters for LGE 2023,https://gecom.org.gy/public/assets/docs/lists/2023%20-%20Register%20of%20Voters%20for%20LGE%202023/D06/6.21-CRABWOOD%20CREEK:MOLESON.pdf
6,East Berbice-Corentyne,6.21,CRABWOOD CREEK/MOLESON,NDC,3,GRANT 1803,GRANT 1803,False,GECOM Register of Voters for LGE 2023,https://gecom.org.gy/public/assets/docs/lists/2023%20-%20Register%20of%20Voters%20for%20LGE%202023/D06/6.21-CRABWOOD%20CREEK:MOLESON.pdf
6,East Berbice-Corentyne,6.21,CRABWOOD CREEK/MOLESON,NDC,4,GRANT 1780,GRANT 1780,False,GECOM Register of Voters for LGE 2023,https://gecom.org.gy/public/assets/docs/lists/2023%20-%20Register%20of%20Voters%20for%20LGE%202023/D06/6.21-CRABWOOD%20CREEK:MOLESON.pdf
6,East Berbice-Corentyne,6.21,CRABWOOD CREEK/MOLESON,NDC,5,GRANT 1802,GRANT 1802,False,GECOM Register of Voters for LGE 2023,https://gecom.org.gy/public/assets/docs/lists/2023%20-%20Register%20of%20Voters%20for%20LGE%202023/D06/6.21-CRABWOOD%20CREEK:MOLESON.pdf
6,East Berbice-Corentyne,6.21,CRABWOOD CREEK/MOLESON,NDC,6,GRANT 2767 - GRANT 2229,GRANT 2767 - GRANT 2229,False,GECOM Register of Voters for LGE 2023,https://gecom.org.gy/public/assets/docs/lists/2023%20-%20Register%20of%20Voters%20for%20LGE%202023/D06/6.21-CRABWOOD%20CREEK:MOLESON.pdf
6,East Berbice-Corentyne,6.21,CRABWOOD CREEK/MOLESON,NDC,7,GRANT1651 - 1778 - 1779 JACKSON - MOLESON - SKELEDON - JACKSON BACKLANDS,GRANT1651-1778 - 1779 JACKSON - MOLESON - SKELEDON - JACKSON BACKLANDS,True,GECOM Register of Voters for LGE 2023,https://gecom.org.gy/public/assets/docs/lists/2023%20-%20Register%20of%20Voters%20for%20LGE%202023/D06/6.21-CRABWOOD%20CREEK:MOLESON.pdf
6,East Berbice-Corentyne,6.22,MUNICIPALITY OF CORRIVERTON,MUNICIPALITY,1,NO.75 – NO.76 (SCOTTSBURG - DUKESTOWN),NO.75 – NO.76 (SCOTTSBURG - DUKESTOWN),False,GECOM Register of Voters for LGE 2023,https://gecom.org.gy/public/assets/docs/lists/2023%20-%20Register%20of%20Voters%20for%20LGE%202023/D06/6.22-MUNICIPALITY%20OF%20CORRIVERTON.pdf
6,East Berbice-Corentyne,6.22,MUNICIPALITY OF CORRIVERTON,MUNICIPALITY,2,PRINCETOWN - NO.77 NEW HOUSING SCHEME,PRINCETOWN - NO.77 NEW HOUSING SCHEME,False,GECOM Register of Voters for LGE 2023,https://gecom.org.gy/public/assets/docs/lists/2023%20-%20Register%20of%20Voters%20for%20LGE%202023/D06/6.22-MUNICIPALITY%20OF%20CORRIVERTON.pdf
6,East Berbice-Corentyne,6.22,MUNICIPALITY OF CORRIVERTON,MUNICIPALITY,3,NO.78 (NORTH) - ELIZA & MARY HOUSING SCHEME (SPRINGLANDS NORTH),NO.78 (NORTH)-ELIZA & MARY HOUSING SCHEME (SPRINGLANDS NORTH),True,GECOM Register of Voters for LGE 2023,https://gecom.org.gy/public/assets/docs/lists/2023%20-%20Register%20of%20Voters%20for%20LGE%202023/D06/6.22-MUNICIPALITY%20OF%20CORRIVERTON.pdf
6,East Berbice-Corentyne,6.22,MUNICIPALITY OF CORRIVERTON,MUNICIPALITY,4,NO.78 (SOUTH) - SPRINGLANDS HOUSING SCHEME/RAMPOOR (SPRINGLANDS) (SOUTH),NO.78 (SOUTH) -SPRINGLANDS HOUSING SCHEME/RAMPOOR (SPRINGLANDS) (SOUTH),True,GECOM Register of Voters for LGE 2023,https://gecom.org.gy/public/assets/docs/lists/2023%20-%20Register%20of%20Voters%20for%20LGE%202023/D06/6.22-MUNICIPALITY%20OF%20CORRIVERTON.pdf
6,East Berbice-Corentyne,6.22,MUNICIPALITY OF CORRIVERTON,MUNICIPALITY,5,NO.79 (NORTH) QUEENSTOWN,NO.79 (NORTH) QUEENSTOWN,False,GECOM Register of Voters for LGE 2023,https://gecom.org.gy/public/assets/docs/lists/2023%20-%20Register%20of%20Voters%20for%20LGE%202023/D06/6.22-MUNICIPALITY%20OF%20CORRIVERTON.pdf
6,East Berbice-Corentyne,6.22,MUNICIPALITY OF CORRIVERTON,MUNICIPALITY,6,NO.79 (SOUTH) LITTLE INDIA - KINGSTON,NO.79 (SOUTH) LITTLE INDIA -KINGSTON,True,GECOM Register of Voters for LGE 2023,https://gecom.org.gy/public/assets/docs/lists/2023%20-%20Register%20of%20Voters%20for%20LGE%202023/D06/6.22-MUNICIPALITY%20OF%20CORRIVERTON.pdf
6,East Berbice-Corentyne,6.22,MUNICIPALITY OF CORRIVERTON,MUNICIPALITY,7,"SKELDON - LINE PATH A, B, C AND F","SKELDON - LINE PATH A, B, C AND F",False,GECOM Register of Voters for LGE 2023,https://gecom.org.gy/public/assets/docs/lists/2023%20-%20Register%20of%20Voters%20for%20LGE%202023/D06/6.22-MUNICIPALITY%20OF%20CORRIVERTON.pdf
6,East Berbice-Corentyne,6.22,MUNICIPALITY OF CORRIVERTON,MUNICIPALITY,8,LINE PATH D - BLOCK 19 - LINE PATH E,LINE PATH D- BLOCK 19 - LINE PATH E,True,GECOM Register of Voters for LGE 2023,https://gecom.org.gy/public/assets/docs/lists/2023%20-%20Register%20of%20Voters%20for%20LGE%202023/D06/6.22-MUNICIPALITY%20OF%20CORRIVERTON.pdf
7,Cuyuni-Mazaruni,7.01,MUNICIPALITY OF BARTICA,MUNICIPALITY,1,BARTICA EAST (NORTH),BARTICA EAST (NORTH),False,GECOM Register of Voters for LGE 2023,https://gecom.org.gy/public/assets/docs/lists/2023%20-%20Register%20of%20Voters%20for%20LGE%202023/D07/7.01-MUNICIPALITY%20OF%20BARTICA.pdf
7,Cuyuni-Mazaruni,7.01,MUNICIPALITY OF BARTICA,MUNICIPALITY,2,BARTICA EAST (SOUTH),BARTICA EAST (SOUTH),False,GECOM Register of Voters for LGE 2023,https://gecom.org.gy/public/assets/docs/lists/2023%20-%20Register%20of%20Voters%20for%20LGE%202023/D07/7.01-MUNICIPALITY%20OF%20BARTICA.pdf
7,Cuyuni-Mazaruni,7.01,MUNICIPALITY OF BARTICA,MUNICIPALITY,3,BARTICA EAST CENTRAL,BARTICA EAST CENTRAL,False,GECOM Register of Voters for LGE 2023,https://gecom.org.gy/public/assets/docs/lists/2023%20-%20Register%20of%20Voters%20for%20LGE%202023/D07/7.01-MUNICIPALITY%20OF%20BARTICA.pdf
7,Cuyuni-Mazaruni,7.01,MUNICIPALITY OF BARTICA,MUNICIPALITY,4,BARTICA WEST CENTRAL (NORTH),BARTICA WEST CENTRAL (NORTH),False,GECOM Register of Voters for LGE 2023,https://gecom.org.gy/public/assets/docs/lists/2023%20-%20Register%20of%20Voters%20for%20LGE%202023/D07/7.01-MUNICIPALITY%20OF%20BARTICA.pdf
7,Cuyuni-Mazaruni,7.01,MUNICIPALITY OF BARTICA,MUNICIPALITY,5,BARTICA WEST CENTRAL (SOUTH),BARTICA WEST CENTRAL (SOUTH),False,GECOM Register of Voters for LGE 2023,https://gecom.org.gy/public/assets/docs/lists/2023%20-%20Register%20of%20Voters%20for%20LGE%202023/D07/7.01-MUNICIPALITY%20OF%20BARTICA.pdf
7,Cuyuni-Mazaruni,7.01,MUNICIPALITY OF BARTICA,MUNICIPALITY,6,BARTICA (WEST),BARTICA (WEST),False,GECOM Register of Voters for LGE 2023,https://gecom.org.gy/public/assets/docs/lists/2023%20-%20Register%20of%20Voters%20for%20LGE%202023/D07/7.01-MUNICIPALITY%20OF%20BARTICA.pdf
7,Cuyuni-Mazaruni,7.01,MUNICIPALITY OF BARTICA,MUNICIPALITY,7,TUMERING - MONGRIPPO (WEST),TUMERING - MONGRIPPO (WEST),False,GECOM Register of Voters for LGE 2023,https://gecom.org.gy/public/assets/docs/lists/2023%20-%20Register%20of%20Voters%20for%20LGE%202023/D07/7.01-MUNICIPALITY%20OF%20BARTICA.pdf
7,Cuyuni-Mazaruni,7.01,MUNICIPALITY OF BARTICA,MUNICIPALITY,8,TUMERING - MONGRIPPO (EAST),TUMERING - MONGRIPPO (EAST),False,GECOM Register of Voters for LGE 2023,https://gecom.org.gy/public/assets/docs/lists/2023%20-%20Register%20of%20Voters%20for%20LGE%202023/D07/7.01-MUNICIPALITY%20OF%20BARTICA.pdf
7,Cuyuni-Mazaruni,7.01,MUNICIPALITY OF BARTICA,MUNICIPALITY,9,KOETARU - BIG BARABARA,KOETARU - BIG BARABARA,False,GECOM Register of Voters for LGE 2023,https://gecom.org.gy/public/assets/docs/lists/2023%20-%20Register%20of%20Voters%20for%20LGE%202023/D07/7.01-MUNICIPALITY%20OF%20BARTICA.pdf
8,Potaro-Siparuni,8.01,MUNICIPALITY OF MAHDIA,MUNICIPALITY,1,UEWANG - MAHDIA PLATEAU WEST,UEWANG - MAHDIA PLATEAU WEST,False,GECOM Register of Voters for LGE 2023,https://gecom.org.gy/public/assets/docs/lists/2023%20-%20Register%20of%20Voters%20for%20LGE%202023/D08/8.01-MUNICIPALITY%20OF%20MAHDIA.pdf
8,Potaro-Siparuni,8.01,MUNICIPALITY OF MAHDIA,MUNICIPALITY,2,MAHDIA PLATEAU EAST,MAHDIA PLATEAU EAST,False,GECOM Register of Voters for LGE 2023,https://gecom.org.gy/public/assets/docs/lists/2023%20-%20Register%20of%20Voters%20for%20LGE%202023/D08/8.01-MUNICIPALITY%20OF%20MAHDIA.pdf
8,Potaro-Siparuni,8.01,MUNICIPALITY OF MAHDIA,MUNICIPALITY,3,POTARO ROAD/EAGLE MOUNTAIN,POTARO ROAD/EAGLE MOUNTAIN,False,GECOM Register of Voters for LGE 2023,https://gecom.org.gy/public/assets/docs/lists/2023%20-%20Register%20of%20Voters%20for%20LGE%202023/D08/8.01-MUNICIPALITY%20OF%20MAHDIA.pdf
8,Potaro-Siparuni,8.01,MUNICIPALITY OF MAHDIA,MUNICIPALITY,4,KONAWAK/ESSEQUIBO,KONAWAK/ESSEQUIBO,False,GECOM Register of Voters for LGE 2023,https://gecom.org.gy/public/assets/docs/lists/2023%20-%20Register%20of%20Voters%20for%20LGE%202023/D08/8.01-MUNICIPALITY%20OF%20MAHDIA.pdf
9,Upper Takutu-Upper Essequibo,9.01,MUNICIPALITY OF LETHEM,MUNICIPALITY,1,MOCO - MOCO - MANARI (CULVERT CITY),MOCO- MOCO - MANARI (CULVERT CITY),True,GECOM Register of Voters for LGE 2023,https://gecom.org.gy/public/assets/docs/lists/2023%20-%20Register%20of%20Voters%20for%20LGE%202023/D09/9.01-MUNICIPALITY%20OF%20LETHEM.pdf
9,Upper Takutu-Upper Essequibo,9.01,MUNICIPALITY OF LETHEM,MUNICIPALITY,2,MOCO - MOCO - MANARI (TABATINGA) - OVER THE CREEK,MOCO- MOCO - MANARI (TABATINGA) - OVER THE CREEK,True,GECOM Register of Voters for LGE 2023,https://gecom.org.gy/public/assets/docs/lists/2023%20-%20Register%20of%20Voters%20for%20LGE%202023/D09/9.01-MUNICIPALITY%20OF%20LETHEM.pdf
9,Upper Takutu-Upper Essequibo,9.01,MUNICIPALITY OF LETHEM,MUNICIPALITY,3,MOCO - MOCO - MANARI (LETHEM) - TABATINGA BRIDGE TO THIRD STREET,MOCO- MOCO - MANARI (LETHEM) - TABTINGA BRIDGE TO THIRD STREET,True,GECOM Register of Voters for LGE 2023,https://gecom.org.gy/public/assets/docs/lists/2023%20-%20Register%20of%20Voters%20for%20LGE%202023/D09/9.01-MUNICIPALITY%20OF%20LETHEM.pdf
9,Upper Takutu-Upper Essequibo,9.01,MUNICIPALITY OF LETHEM,MUNICIPALITY,4,MOCO - MOCO - MANARI (LETHEM) - THIRD STREET TO WIND MILL ROAD,MOCO- MOCO - MANARI (LETHEM)-THIRD STREET TO WIND MILL ROAD,True,GECOM Register of Voters for LGE 2023,https://gecom.org.gy/public/assets/docs/lists/2023%20-%20Register%20of%20Voters%20for%20LGE%202023/D09/9.01-MUNICIPALITY%20OF%20LETHEM.pdf
9,Upper Takutu-Upper Essequibo,9.01,MUNICIPALITY OF LETHEM,MUNICIPALITY,5,MOCO – MOCO - MANARI (LETHEM) - WIND MILL ROAD TO TO ‘T & M ’ RESTAURANT (TAKUTU RIVER),MOCO – MOCO - MANARI (LETHEM) - WIND MILL ROAD TO TO ‘T & M ’ RESTAURANT (TAKUTU RIVER),False,GECOM Register of Voters for LGE 2023,https://gecom.org.gy/public/assets/docs/lists/2023%20-%20Register%20of%20Voters%20for%20LGE%202023/D09/9.01-MUNICIPALITY%20OF%20LETHEM.pdf
9,Upper Takutu-Upper Essequibo,9.02,ARANAPUTA/UPPER BURRO BURRO,NDC,1,ARANAPUTA (SOUTH)/RUPUNUNI RIVER,ARANAPUTA (SOUTH)/RUPUNUNI RIVER,False,GECOM Register of Voters for LGE 2023,https://gecom.org.gy/public/assets/docs/lists/2023%20-%20Register%20of%20Voters%20for%20LGE%202023/D09/9.02-ARANAPUTA:UPPER%20BURRO%20BURRO.pdf
9,Upper Takutu-Upper Essequibo,9.02,ARANAPUTA/UPPER BURRO BURRO,NDC,2,ARANAPUTA (EAST)/UPPER BURRO - BURRO,ARANAPUTA (EAST)/UPPER BURRO-BURRO,True,GECOM Register of Voters for LGE 2023,https://gecom.org.gy/public/assets/docs/lists/2023%20-%20Register%20of%20Voters%20for%20LGE%202023/D09/9.02-ARANAPUTA:UPPER%20BURRO%20BURRO.pdf
9,Upper Takutu-Upper Essequibo,9.02,ARANAPUTA/UPPER BURRO BURRO,NDC,3,ARANAPUTA (WEST)/MORA RIVER,ARANAPUTA (WEST)/MORA RIVER,False,GECOM Register of Voters for LGE 2023,https://gecom.org.gy/public/assets/docs/lists/2023%20-%20Register%20of%20Voters%20for%20LGE%202023/D09/9.02-ARANAPUTA:UPPER%20BURRO%20BURRO.pdf
10,Upper Demerara-Berbice,10.01,MUNICIPALITY OF LINDEN,MUNICIPALITY,1,BAMIA/ AMELIA'S WARD,BAMIA/ AMELIA'S WARD,False,GECOM Register of Voters for LGE 2023,https://gecom.org.gy/public/assets/docs/lists/2023%20-%20Register%20of%20Voters%20for%20LGE%202023/D10/10.01-MUNICIPALITY%20OF%20LINDEN.pdf
10,Upper Demerara-Berbice,10.01,MUNICIPALITY OF LINDEN,MUNICIPALITY,2,RETRIEVE/KARA KARA,RETRIEVE/KARA KARA,False,GECOM Register of Voters for LGE 2023,https://gecom.org.gy/public/assets/docs/lists/2023%20-%20Register%20of%20Voters%20for%20LGE%202023/D10/10.01-MUNICIPALITY%20OF%20LINDEN.pdf
10,Upper Demerara-Berbice,10.01,MUNICIPALITY OF LINDEN,MUNICIPALITY,3,CENTRAL MACKENZIE,CENTRAL MACKENZIE,False,GECOM Register of Voters for LGE 2023,https://gecom.org.gy/public/assets/docs/lists/2023%20-%20Register%20of%20Voters%20for%20LGE%202023/D10/10.01-MUNICIPALITY%20OF%20LINDEN.pdf
10,Upper Demerara-Berbice,10.01,MUNICIPALITY OF LINDEN,MUNICIPALITY,4,WASHER POND TO SIBERIEN,WASHER POND TO SIBERIEN,False,GECOM Register of Voters for LGE 2023,https://gecom.org.gy/public/assets/docs/lists/2023%20-%20Register%20of%20Voters%20for%20LGE%202023/D10/10.01-MUNICIPALITY%20OF%20LINDEN.pdf
10,Upper Demerara-Berbice,10.01,MUNICIPALITY OF LINDEN,MUNICIPALITY,5,"SILVERTOWN, GREEN VALLEY, HALF MILE, CANVAS CITY & WEST WATOOKA","SILVERTOWN, GREEN V ALLEY, HALF MILE, CANV AS CITY & WEST WATOOKA",True,GECOM Register of Voters for LGE 2023,https://gecom.org.gy/public/assets/docs/lists/2023%20-%20Register%20of%20Voters%20for%20LGE%202023/D10/10.01-MUNICIPALITY%20OF%20LINDEN.pdf
10,Upper Demerara-Berbice,10.01,MUNICIPALITY OF LINDEN,MUNICIPALITY,6,"DALLAWALLA, CHRISTIANBURG, 1st, 2nd & 3rd ALLEY, SILVER CITY, WISMAR HILL & VICTORY VALLEY","DALLAWALLA, CHRISTIANBURG, 1st, 2nd & 3rd ALLEY, SILVER CITY, WISMAR HILL & VICTORY V ALLEY",True,GECOM Register of Voters for LGE 2023,https://gecom.org.gy/public/assets/docs/lists/2023%20-%20Register%20of%20Voters%20for%20LGE%202023/D10/10.01-MUNICIPALITY%20OF%20LINDEN.pdf
10,Upper Demerara-Berbice,10.01,MUNICIPALITY OF LINDEN,MUNICIPALITY,7,"BLUEBERRY HILL, ONE MILE (NORTH), ONE MILE EXTENSION AND WISMAR HOUSING SCHEME","BLUEBERRY HILL, ONE MILE (NORTH), ONE MILE EXTENSION AND WISMAR HOUSING SCHEME",False,GECOM Register of Voters for LGE 2023,https://gecom.org.gy/public/assets/docs/lists/2023%20-%20Register%20of%20Voters%20for%20LGE%202023/D10/10.01-MUNICIPALITY%20OF%20LINDEN.pdf
10,Upper Demerara-Berbice,10.01,MUNICIPALITY OF LINDEN,MUNICIPALITY,8,"ONE MILE (SOUTH), BLOCKS 22, WISROC","ONE MILE (SOUTH), BLOCKS 22, WISROC",False,GECOM Register of Voters for LGE 2023,https://gecom.org.gy/public/assets/docs/lists/2023%20-%20Register%20of%20Voters%20for%20LGE%202023/D10/10.01-MUNICIPALITY%20OF%20LINDEN.pdf
10,Upper Demerara-Berbice,10.02,KWAKWANI,NDC,1,WATER FRONT,WATER FRONT,False,GECOM Register of Voters for LGE 2023,https://gecom.org.gy/public/assets/docs/lists/2023%20-%20Register%20of%20Voters%20for%20LGE%202023/D10/10.02-KWAKWANI.pdf
10,Upper Demerara-Berbice,10.02,KWAKWANI,NDC,2,FIRST & SECOND PHASE,FIRST & SECOND PHASE,False,GECOM Register of Voters for LGE 2023,https://gecom.org.gy/public/assets/docs/lists/2023%20-%20Register%20of%20Voters%20for%20LGE%202023/D10/10.02-KWAKWANI.pdf
10,Upper Demerara-Berbice,10.02,KWAKWANI,NDC,3,THIRD PHASE,THIRD PHASE,False,GECOM Register of Voters for LGE 2023,https://gecom.org.gy/public/assets/docs/lists/2023%20-%20Register%20of%20Voters%20for%20LGE%202023/D10/10.02-KWAKWANI.pdf
10,Upper Demerara-Berbice,10.02,KWAKWANI,NDC,4,POT VILLAGE (NORTH OF NATIONAL AVENUE),POT VILLAGE (NORTH OF NATIONAL A VENUE),True,GECOM Register of Voters for LGE 2023,https://gecom.org.gy/public/assets/docs/lists/2023%20-%20Register%20of%20Voters%20for%20LGE%202023/D10/10.02-KWAKWANI.pdf
10,Upper Demerara-Berbice,10.02,KWAKWANI,NDC,5,POT VILLAGE (SOUTH OF NATIONAL AVENUE),POT VILLAGE (SOUTH OF NATIONAL A VENUE),True,GECOM Register of Voters for LGE 2023,https://gecom.org.gy/public/assets/docs/lists/2023%20-%20Register%20of%20Voters%20for%20LGE%202023/D10/10.02-KWAKWANI.pdf
10,Upper Demerara-Berbice,10.02,KWAKWANI,NDC,6,STAFF HILL,STAFF HILL,False,GECOM Register of Voters for LGE 2023,https://gecom.org.gy/public/assets/docs/lists/2023%20-%20Register%20of%20Voters%20for%20LGE%202023/D10/10.02-KWAKWANI.pdf
